national_number	gen	english_name	primary_type	secondary_type	classification	percent_male	percent_female	height_m	weight_kg	capture_rate	hp	attack	defense	speed	abilities_0	abilities_1	abilities_special	is_sublegendary	is_legendary	is_mythical	evochain_0	evochain_2	evochain_4	mega_evolution	description
1	I	Bulbasaur	Erba	Veleno	Pokémon Seme	88.14	11.86	0.7	6.9	45	45	49	49	45	Erbaiuto		Clorofilla	0	0	0	Bulbasaur	Ivysaur	Venusaur		Dopo la nascita, per un periodo di tempo cresce assorbendo i nutrienti stipati nel bulbo sul dorso.
2	I	Ivysaur	Erba	Veleno	Pokémon Seme	88.14	11.86	1	13	45	60	62	63	60	Erbaiuto		Clorofilla	0	0	0	Bulbasaur	Ivysaur	Venusaur		Più si espone alla luce solare, più acquisisce energie facendo crescere il bocciolo che ha sul dorso.
3	I	Venusaur	Erba	Veleno	Pokémon Seme	88.14	11.86	2	100	45	80	82	83	80	Erbaiuto		Clorofilla	0	0	0	Bulbasaur	Ivysaur	Venusaur	Mega Venusaur	Può convertire la luce solare in energia. Per questo è più forte in estate.
4	I	Charmander	Fuoco		Pokémon Lucertola	88.14	11.86	0.6	8.5	45	39	52	43	65	Aiutofuoco		Solarpotere	0	0	0	Charmander	Charmeleon	Charizard		La fiamma che ha sulla coda indica lo stato della sua forza vitale: quando è fiacco, la fiamma è fioca.
5	I	Charmeleon	Fuoco		Pokémon Fiamma	88.14	11.86	1.1	19	45	58	64	58	80	Aiutofuoco		Solarpotere	0	0	0	Charmander	Charmeleon	Charizard		Quando agita la coda infuocata, la temperatura circostante sale sempre di più, causando tormento ai suoi nemici.
6	I	Charizard	Fuoco	Volante	Pokémon Fiamma	88.14	11.86	1.7	90.5	45	78	84	78	100	Aiutofuoco		Solarpotere	0	0	0	Charmander	Charmeleon	Charizard	Mega Charizard X	Se s’infuria, la fiamma che ha sulla punta della coda si colora di un blu biancastro.
7	I	Squirtle	Acqua		Pokémon Tartaghina	88.14	11.86	0.5	9	45	44	48	65	43	Acquaiuto		Copripioggia	0	0	0	Squirtle	Wartortle	Blastoise		Dopo la nascita, la sua schiena si gonfia e si trasforma in una dura corazza. Sputa una potente schiuma dalla bocca.
8	I	Wartortle	Acqua		Pokémon Tartaruga	88.14	11.86	1	22.5	45	59	63	80	58	Acquaiuto		Copripioggia	0	0	0	Squirtle	Wartortle	Blastoise		La coda lunga e folta è simbolo di longevità. È un Pokémon particolarmente popolare tra le persone anziane.
9	I	Blastoise	Acqua		Pokémon Crostaceo	88.14	11.86	1.6	85.5	45	79	83	100	78	Acquaiuto		Copripioggia	0	0	0	Squirtle	Wartortle	Blastoise	Mega Blastoise	Aumenta di proposito il suo peso corporeo per resistere al contraccolpo dei getti d’acqua che spara.
10	I	Caterpie	Coleottero		Pokémon Baco	50.2	49.8	0.3	2.9	255	45	30	35	45	Polvoscudo		Fugafacile	0	0	0	Caterpie	Metapod	Butterfree		Per proteggersi emette un puzzo terribile dalle antenne sul capo, con cui tiene lontani i nemici.
11	I	Metapod	Coleottero		Pokémon Bozzolo	50.2	49.8	0.7	9.9	120	50	20	55	30	Muta			0	0	0	Caterpie	Metapod	Butterfree		In attesa di evolversi, l’unica cosa che può fare è indurire la sua corazza, quindi rimane immobile per evitare di essere attaccato.
12	I	Butterfree	Coleottero	Volante	Pokémon Farfalla	50.2	49.8	1.1	32	45	60	45	50	70	Insettocchi		Lentifumé	0	0	0	Caterpie	Metapod	Butterfree		Adora il nettare dei fiori e riesce a localizzare i campi in cui si trova anche solo una minima quantità di polline.
13	I	Weedle	Coleottero	Veleno	Pokémon Millepiedi	50	50	0.3	3.2	255	40	35	30	50	Statico		Fugafacile	0	0	0	Weedle	Kakuna	Beedrill		Ha un pungiglione acuminato sul capo. Vive tra l’erba alta e nei boschi, dove si nutre di foglie.
14	I	Kakuna	Coleottero	Veleno	Pokémon Bozzolo	50	50	0.6	10	120	45	25	50	35	Muta			0	0	0	Weedle	Kakuna	Beedrill		È molto limitato nei movimenti. Se si sente minacciato, estrae il pungiglione e avvelena il nemico.
15	I	Beedrill	Coleottero	Veleno	Pokémon Velenape	50	50	1	29.5	45	65	90	40	75	Aiutinsetto		Cecchino	0	0	0	Weedle	Kakuna	Beedrill	Mega Beedrill	Possiede tre aculei velenosi, due sulle zampe anteriori e uno sull’addome, con cui punge ripetutamente i nemici.
16	I	Pidgey	Normale	Volante	Pokémon Uccellino	50	50	0.3	1.8	255	40	45	40	56	Sguardofermo	Intricopiedi	Pettinfuori	0	0	0	Pidgey	Pidgeotto	Pidgeot		Di indole docile, preferisce gettare sabbia verso il nemico per proteggersi piuttosto che attaccarlo.
17	I	Pidgeotto	Normale	Volante	Pokémon Uccello	50	50	1.1	30	120	63	60	55	71	Sguardofermo	Intricopiedi	Pettinfuori	0	0	0	Pidgey	Pidgeotto	Pidgeot		Di indole docile, preferisce gettare sabbia verso il nemico per proteggersi piuttosto che attaccarlo.
18	I	Pidgeot	Normale	Volante	Pokémon Uccello	50	50	1.5	39.5	45	83	80	75	101	Sguardofermo	Intricopiedi	Pettinfuori	0	0	0	Pidgey	Pidgeotto	Pidgeot	Mega Pidgeot	Può volare a una velocità di Mach 2 in cerca di prede. I suoi artigli sono armi micidiali.
19	I	Rattata	Normale	Buio	Pokémon Topo	50	50	0.3	3.5	255	30	56	35	72	Fugafacile	Dentistretti	Tuttafretta	0	0	0	Rattata	Raticate			Con i suoi incisivi rode qualsiasi cosa. Se se ne avvista uno, è probabile che in zona vivano almeno 40 esemplari.
20	I	Raticate	Normale	Buio	Pokémon Topo	50	50	0.7	18.5	127	55	81	60	97	Fugafacile	Dentistretti	Tuttafretta	0	0	0	Rattata	Raticate			Dispone di zampe posteriori palmate che gli permettono di nuotare nei fiumi in cerca di prede.
21	I	Spearow	Normale	Volante	Pokémon Uccellino	50	50	0.3	2	255	40	60	30	70	Sguardofermo		Cecchino	0	0	0	Spearow	Fearow			Incapace di raggiungere alte quote, sorvola il suo territorio a gran velocità per proteggerlo.
22	I	Fearow	Normale	Volante	Pokémon Becco	50	50	1.2	38	90	65	90	65	100	Sguardofermo		Cecchino	0	0	0	Spearow	Fearow			Questo Pokémon molto antico vola in alto nel cielo al minimo accenno di pericolo.
23	I	Ekans	Veleno		Pokémon Serpente	50	50	2	6.9	255	35	60	44	55	Prepotenza	Muta	Agitazione	0	0	0	Ekans	Arbok			Può ingoiare grosse prede dislocando a piacimento la mandibola, ma così facendo si appesantisce e non riesce più a muoversi.
24	I	Arbok	Veleno		Pokémon Cobra	50	50	3.5	65	90	60	95	69	80	Prepotenza	Muta	Agitazione	0	0	0	Ekans	Arbok			Il motivo sulla pancia sembra una faccia spaventosa. Al solo vederlo, i nemici più pavidi si danno alla fuga.
25	I	Pikachu	Elettro		Pokémon Topo	50.2	49.8	0.4	6	190	35	55	40	90	Statico		Parafulmine	0	0	0	Pichu	Pikachu	Raichu		Quando s’arrabbia, libera subito l’energia accumulata nelle sacche sulle guance.
26	I	Raichu	Elettro	Elettro	Pokémon Topo	50.2	49.8	0.8	30	75	60	90	55	110	Statico		Parafulmine	0	0	0	Pichu	Pikachu	Raichu		La sua coda scarica elettricità a terra, proteggendolo dalle scosse elettriche.
27	I	Sandshrew	Terra	Ghiaccio	Pokémon Topo	50.2	49.8	0.6	12	255	50	75	85	40	Sabbiavelo		Ramasabbia	0	0	0	Sandshrew	Sandslash			Scava profondi tunnel in cui poi vive. Quando un pericolo si avvicina, si appallottola e incassa immobile l’attacco.
28	I	Sandslash	Terra	Ghiaccio	Pokémon Topo	50.2	49.8	1	29.5	90	75	100	110	65	Sabbiavelo		Ramasabbia	0	0	0	Sandshrew	Sandslash			La sua specialità è attaccare con gli aculei dorsali e gli artigli affilati, spostandosi qua e là con movimenti fulminei.
29	I	Nidoran?	Veleno		Pokémon Velenago	0	100	0.4	7	235	55	47	52	41	Velenopunte	Antagonismo	Tuttafretta	0	0	0	Egg	Nidoran?	Nidorina		È più sensibile agli odori rispetto ai maschi. Capta le correnti d’aria con le vibrisse e si posiziona sottovento per cercare le prede.
30	I	Nidorina	Veleno		Pokémon Velenago	0	100	0.8	20	120	70	62	67	56	Velenopunte	Antagonismo	Tuttafretta	0	0	0	Egg	Nidoran?	Nidorina		Si pensa che il corno sulla fronte si sia atrofizzato per evitare che Nidorina punga i suoi cuccioli quando li nutre.
31	I	Nidoqueen	Veleno	Terra	Pokémon Trapano	0	100	1.3	60	45	90	92	87	76	Velenopunte	Antagonismo	Forzabruta	0	0	0	Egg	Nidoran?	Nidorina		Più abile nella difesa che nell’attacco, protegge i cuccioli da qualunque attacco grazie alla corazza di squame.
32	I	Nidoran?	Veleno		Pokémon Velenago	100	0	0.5	9	235	46	57	40	50	Velenopunte	Antagonismo	Tuttafretta	0	0	0	Egg	Nidoran?	Nidorino		Il corno sulla fronte è estremamente velenoso. Di indole circospetta, rizza costantemente le sue grandi orecchie.
33	I	Nidorino	Veleno		Pokémon Velenago	100	0	0.9	19.5	120	61	72	57	65	Velenopunte	Antagonismo	Tuttafretta	0	0	0	Egg	Nidoran?	Nidorino		Vaga alla ricerca di una Pietralunare frantumando rocce con il suo corno più duro del diamante.
34	I	Nidoking	Veleno	Terra	Pokémon Trapano	100	0	1.4	62	45	81	102	77	85	Velenopunte	Antagonismo	Forzabruta	0	0	0	Egg	Nidoran?	Nidorino		Quando si scatena non c’è modo di fermarlo, ma davanti a Nidoqueen, la sua compagna di lunga data, ritrova la calma.
35	I	Clefairy	Folletto		Pokémon Fata	24.9	75.1	0.6	7.5	150	70	45	48	35	Incantevole	Magiscudo	Amicoscudo	0	0	0	Cleffa	Clefairy	Clefable		Nelle notti di luna piena saltano fuori da non si sa dove e si radunano per danzare insieme, fluttuando al chiaro di luna.
36	I	Clefable	Folletto		Pokémon Fata	24.9	75.1	1.3	40	25	95	70	73	60	Incantevole	Magiscudo	Imprudenza	0	0	0	Cleffa	Clefairy	Clefable		Pare che questo essere fatato viva in remote, placide aree montuose. Non ama farsi vedere.
37	I	Vulpix	Fuoco	Ghiaccio	Pokémon Volpe	24.9	75.1	0.6	9.9	190	38	41	40	65	Fuocardore		Siccità	0	0	0	Vulpix	Ninetales			Se è attaccato da un nemico più forte, si finge ferito per ingannarlo e fuggire.
38	I	Ninetales	Fuoco	Ghiaccio	Pokémon Volpe	24.9	75.1	1.1	19.9	75	73	76	75	100	Fuocardore		Siccità	0	0	0	Vulpix	Ninetales			Narra la leggenda che ognuna delle sue nove code abbia uno specifico potere magico.
39	I	Jigglypuff	Normale	Folletto	Pokémon Pallone	24.9	75.1	0.5	5.5	170	115	45	20	20	Incantevole	Tenacia	Amicoscudo	0	0	0	Igglybuff	Jigglypuff	Wigglytuff		Quando i suoi occhioni rotondi tremolano, canta una misteriosa melodia che fa addormentare.
40	I	Wigglytuff	Normale	Folletto	Pokémon Pallone	24.9	75.1	1	12	50	140	70	45	45	Incantevole	Tenacia	Indagine	0	0	0	Igglybuff	Jigglypuff	Wigglytuff		Ha un pelo molto fino. Attenzione a non farlo adirare, perché può gonfiarsi e caricare con tutto il suo peso.
41	I	Zubat	Veleno	Volante	Pokémon Pipistrello	50.2	49.8	0.8	7.5	255	40	45	35	55	Forza Interiore		Intrapasso	0	0	0	Zubat	Golbat	Crobat		Sonda l’ambiente circostante emettendo ultrasuoni dalla bocca. In questo modo riesce a volteggiare agilmente anche in caverne strette.
42	I	Golbat	Veleno	Volante	Pokémon Pipistrello	50.2	49.8	1.6	55	90	75	80	70	90	Forza Interiore		Intrapasso	0	0	0	Zubat	Golbat	Crobat		Va matto per il sangue di altre creature. Si dice che a volte lo condivida con i compagni affamati.
43	I	Oddish	Erba	Veleno	Pokémon Malerba	50.2	49.8	0.5	5.4	255	45	50	55	30	Clorofilla		Fugafacile	0	0	0	Oddish	Gloom	Vileplume		Nome scientifico: “Oddium Viandantis”. Percorre fino a 300 m in una notte sulle due radici.
44	I	Gloom	Erba	Veleno	Pokémon Malerba	50.2	49.8	0.8	8.6	120	60	65	70	40	Clorofilla		Tanfo	0	0	0	Oddish	Gloom	Vileplume		Il fluido che gli esce dalla bocca non è bava. È un nettare usato per attirare le prede.
45	I	Vileplume	Erba	Veleno	Pokémon Fiore	50.2	49.8	1.2	18.6	45	75	80	85	50	Clorofilla		Spargispora	0	0	0	Oddish	Gloom	Vileplume		Il bocciolo fiorisce con un botto e inizia a rilasciare un polline velenoso che provoca reazioni allergiche.
46	I	Paras	Coleottero	Erba	Pokémon Fungo	50	50	0.3	5.4	190	35	70	55	25	Spargispore	Pellearsa	Umidità	0	0	0	Paras	Parasect			Scava nella terra per cibarsi delle radici degli alberi, ma i funghi che ha sul dorso assorbono quasi tutte le sostanze nutritive.
47	I	Parasect	Coleottero	Erba	Pokémon Fungo	50	50	1	29.5	75	60	95	80	30	Spargispore	Pellearsa	Umidità	0	0	0	Paras	Parasect			Il fungo sulla schiena assorbe l’energia dell’organismo ospite, su cui ha anche pieno controllo.
48	I	Venonat	Coleottero	Veleno	Pokémon Insetto	50	50	1	30	190	60	55	50	45	Insettocchi	Lentifumé	Fugafacile	0	0	0	Venonat	Venomoth			Da tutto il suo corpo trasuda veleno. Di notte cattura piccoli Pokémon Coleottero attratti dalla luce.
49	I	Venomoth	Coleottero	Veleno	Pokémon Velentarma	50	50	1.5	12.5	75	70	65	60	90	Statico	Lentifumé	Splendicute	0	0	0	Venonat	Venomoth			Le ali sono ricoperte di scaglie. Ogni volta che le batte, viene liberata nell’aria una polvere velenosa.
50	I	Diglett	Terra	Terra	Pokémon Talpa	50.2	49.8	0.2	0.8	255	10	55	25	95	Sabbiavelo	Trappoarena	Silicoforza	0	0	0	Diglett	Dugtrio			Vive un metro sottoterra, dove si nutre di radici. Talvolta compare in superficie.
51	I	Dugtrio	Terra	Terra	Pokémon Talpa	50.2	49.8	0.7	33.3	50	35	100	50	120	Sabbiavelo	Trappoarena	Silicoforza	0	0	0	Diglett	Dugtrio			Le tre teste si muovono alternativamente per ammorbidire il terreno e renderlo così più facile da scavare.
52	I	Meowth	Normale	Buio	Pokémon Graffimiao	50.2	49.8	0.4	4.2	255	40	45	35	90	Racoolta	Tecnico	Agitazione	0	0	0	Meowth	Persian			Di giorno non fa che dormire, mentre la notte perlustra il suo territorio con gli occhi luccicanti.
53	I	Persian	Normale	Buio	Pokémon Nobilgatto	50.2	49.8	1	32	90	65	70	60	115	Scioltezza	Tecnico	Agitazione	0	0	0	Meowth	Persian			Molti lo vogliono come Pokémon da compagnia per via dello splendido pelo, ma non va preso sotto gamba perché graffia facilmente.
54	I	Psyduck	Acqua		Pokémon Papero	50.2	49.8	0.8	19.6	190	50	52	48	55	Umidità	Antimeteo	Nuotovelox	0	0	0	Psyduck	Golduck			È costantemente tormentato dal mal di testa. Quando il dolore si fa particolarmente intenso, inizia a usare strani poteri.
55	I	Golduck	Acqua		Pokémon Papero	50.2	49.8	1.7	76.6	75	80	82	78	85	Umidità	Antimeteo	Nuotovelox	0	0	0	Psyduck	Golduck			Quando nuota a tutta velocità con i suoi lunghi arti palmati, la fronte gli si illumina.
56	I	Mankey	Lotta		Pokémon Suinpanzé	50	50	0.5	28	190	40	80	35	70	Spiritovivo	Grancollera	Agonismo	0	0	0	Mankey	Primeape			Vivono in branchi in cima agli alberi. Se perdono il contatto con il gruppo s’infuriano per la solitudine.
57	I	Primeape	Lotta		Pokémon Suinpanzé	50	50	1	32	75	65	105	60	95	Spiritovivo	Grancollera	Agonismo	0	0	0	Mankey	Primeape			Diventa furioso se si sente osservato. Insegue chiunque incontri il suo sguardo.
58	I	Growlithe	Fuoco		Pokémon Cagnolino	75.49	24.51	0.7	19	190	55	70	45	60	Prepotenza	Fuocoardore	Giustizia	0	0	0	Growlithe	Arcanine			Coraggioso e affidabile, si oppone senza paura anche a nemici più grandi e forti di lui.
59	I	Arcanine	Fuoco		Pokémon Leggenda	75.49	24.51	1.9	155	75	90	110	80	95	Prepotenza	Fuocoardore	Giustizia	0	0	0	Growlithe	Arcanine			Dal disegno su un’antica pergamena si vede come le sue corse sui prati incantassero le persone.
60	I	Poliwag	Acqua		Pokémon Girino	50.2	49.8	0.6	12.4	255	40	50	40	90	Assorbacqua	Umidità	Nuotovelox	0	0	0	Poliwag	Poliwhirl	Poliwrath		La spirale sulla pancia è una parte dei suoi organi interni che traspare dalla pelle. Si vede più distintamente dopo che ha mangiato.
61	I	Poliwhirl	Acqua		Pokémon Girino	50.2	49.8	1	20	120	65	65	65	90	Assorbacqua	Umidità	Nuotovelox	0	0	0	Poliwag	Poliwhirl	Poliwrath		I suoi arti inferiori ben sviluppati gli permettono di vivere sulla terraferma, ma per qualche motivo preferisce stare nell’acqua.
62	I	Poliwrath	Acqua	Volante	Pokémon Girino	50.2	49.8	1.3	54	45	90	95	95	70	Assorbacqua	Umidità	Nuotovelox	0	0	0	Poliwag	Poliwhirl	Poliwrath		Sebbene nuoti con potenza e abilità utilizzando tutti i suoi muscoli, preferisce vivere sulla terraferma.
63	I	Abra	Psico		Pokémon Psico	75.49	24.51	0.9	19.5	200	25	20	15	90	Sincronismo	Forza Interiore	Magiscudo	0	0	0	Abra	Kadabra	Alakazam		Il contenuto dei suoi sogni influisce sui suoi poteri psichici, che può utilizzare anche mentre dorme.
64	I	Kadabra	Psico		Pokémon Psico	75.49	24.51	1.3	56.5	100	40	35	30	105	Sincronismo	Forza Interiore	Magiscudo	0	0	0	Abra	Kadabra	Alakazam		I suoi poteri psichici gli permettono di levitare mentre dorme. Come cuscino usa la sua coda straordinariamente elastica.
65	I	Alakazam	Psico		Pokémon Psico	75.49	24.51	1.5	48	50	55	50	45	120	Sincronismo	Forza Interiore	Magiscudo	0	0	0	Abra	Kadabra	Alakazam	Mega Alakazam	Possiede un intelletto estremamente elevato e si dice sia in grado di ricordare ogni evento della sua vita, dalla nascita alla morte.
66	I	Machop	Lotta		Pokémon Megaforza	75.49	24.51	0.8	19.5	180	70	80	50	35	Dentistretti	Nullodifesa	Cuordeciso	0	0	0	Machop	Machoke	Machamp		Il suo corpo è formato interamente da muscoli. Non è più alto di un bambino, ma può sollevare e lanciare 100 adulti.
67	I	Machoke	Lotta		Pokémon Megaforza	75.49	24.51	1.5	70.5	90	80	100	70	45	Dentistretti	Nullodifesa	Cuordeciso	0	0	0	Machop	Machoke	Machamp		Il suo corpo muscoloso è così forte che usa una cintura per contenere la sua potenza.
68	I	Machamp	Lotta		Pokémon Megaforza	75.49	24.51	1.6	130	45	90	130	80	55	Dentistretti	Nullodifesa	Cuordeciso	0	0	0	Machop	Machoke	Machamp		Tira pugni con le quattro braccia a una velocità impressionante. Ne sferra 1.000 ogni 2 secondi.
69	I	Bellsprout	Erba	Veleno	Pokémon Fiore	50	50	0.7	4	255	50	75	35	40	Clorofilla		Voracità	0	0	0	Bellsprout	Weepinbell	Victreebel		Se qualcosa si muove intorno a lui, reagisce istantaneamente tendendo i suoi viticci.
70	I	Weepinbell	Erba	Veleno	Pokémon Moschivoro	50	50	1	6.4	120	65	90	50	55	Clorofilla		Voracità	0	0	0	Bellsprout	Weepinbell	Victreebel		Il liquido neutralizzante che secerne gli permette di non venir sciolto dal suo stesso acido.
71	I	Victreebel	Erba	Veleno	Pokémon Moschivoro	50	50	1.7	15.5	45	80	105	65	70	Clorofilla		Voracità	0	0	0	Bellsprout	Weepinbell	Victreebel		Servendosi di un aroma simile a quello del nettare, attira inesorabilmente la preda nella bocca per poi scioglierla con un solvente.
72	I	Tentacool	Acqua	Veleno	Pokémon Medusa	50.2	49.8	0.9	45.5	190	40	40	35	70	Corpochiaro	Melma	Copripioggia	0	0	0	Tentacool	Tentacruel			Con la bassa marea si possono trovare dei Tentacool disidratati sulla spiaggia.
73	I	Tentacruel	Acqua	Veleno	Pokémon Medusa	50.2	49.8	1.6	55	60	80	70	65	100	Corpochiaro	Melma	Copripioggia	0	0	0	Tentacool	Tentacruel			Accade di rado, ma durante una comparsa massiccia di Tentacruel tutti i Pokémon acquatici nel mare circostante spariscono.
74	I	Geodude	Roccia	Terra	Pokémon Roccia	50	50	0.4	20	255	40	80	100	20	Testadura	Vigore	Sabbiavelo	0	0	0	Geodude	Graveler	Golem		Quando sta fermo sembra un sasso. Se viene calpestato, si infuria e agita i pugni.
75	I	Graveler	Roccia	Terra	Pokémon Roccia	50	50	1	105	120	55	95	115	35	Testadura	Vigore	Sabbiavelo	0	0	0	Geodude	Graveler	Golem		Lento a camminare, si sposta rotolando. Non fa attenzione agli oggetti che trova sulla sua strada.
76	I	Golem	Roccia	Terra	Pokémon Megatone	50	50	1.4	300	45	80	120	130	45	Testadura	Vigore	Sabbiavelo	0	0	0	Geodude	Graveler	Golem		È avvolto in un guscio duro come la roccia, che muta una volta all’anno diventando più grosso.
77	I	Ponyta	Fuoco	Psico	Pokémon Cavalfuoco	50.2	49.8	1	30	190	50	85	55	90	Fugafacile	Fuocoardore	Corpodifuoco	0	0	0	Ponyta	Rapidash			Un’ora dopo la nascita gli crescono criniera e coda infuocate, che gli donano un aspetto magnifico.
78	I	Rapidash	Fuoco	Psico	Pokémon Cavalfuoco	50.2	49.8	1.7	95	60	65	100	70	105	Fugafacile	Fuocoardore	Corpodifuoco	0	0	0	Ponyta	Rapidash			Galoppa alla velocità di 240 km/h. Quando sfreccia, la sua criniera ardente ondeggia.
79	I	Slowpoke	Acqua	Psico	Pokémon Ronfone	50.2	49.8	1.2	36	190	90	65	65	15	Indifferenza	Mente Locale	Rigenergia	0	0	0	Slowpoke	Slowbro	Slowking		Incredibilmente lento e tonto, ci mette cinque secondi a percepire il dolore dopo essere stato colpito.
80	I	Slowbro	Acqua	Psico	Pokémon Paguro	50.2	49.8	1.6	78.5	75	95	75	110	30	Indifferenza	Mente Locale	Rigenergia	0	0	0	Slowpoke	Slowbro	Slowking	Mega Slowbro	Uno Slowpoke che si trovava in mare in cerca di cibo fu morso da uno Shellder, evolvendosi in Slowbro.
81	I	Magnemite	Elettro	Acciaio	Pokémon Calamita			0.3	6	190	25	35	70	45	Magnetismo	Vigore	Ponderazione	0	0	0	Magnemite	Magneton	Magnezone		Le onde elettromagnetiche generate dagli elementi laterali neutralizzano la gravità permettendogli di levitare a mezz’aria.
82	I	Magneton	Elettro	Acciaio	Pokémon Calamita			1	60	60	50	60	95	70	Magnetismo	Vigore	Ponderazione	0	0	0	Magnemite	Magneton	Magnezone		Tre Magnemite sono uniti da una potente forza magnetica. Se ci si avvicina troppo, le orecchie fischiano.
83	I	Farfetch'd	Normale	Volante	Pokémon Selvanatra	50.2	49.8	0.8	15	45	52	90	55	60	Sguardofermo	Forza Interiore	Agonismo	0	0	0	Farfetch'd	Sirfetch'd			Non può vivere senza il suo gambo di porro. Per questo lo protegge a costo della vita.
84	I	Doduo	Normale	Volante	Pokémon Biuccello	50	50	1.4	39.2	190	35	85	45	75	Fugafacile	Sveglialampo	Intricopiedi	0	0	0	Doduo	Dodrio			Le teste gemelle possiedono lo stesso patrimonio genetico e per questo possono lottare in perfetta sincronia.
85	I	Dodrio	Normale	Volante	Pokémon Triuccello	50	50	1.8	85.2	45	60	110	70	110	Fugafacile	Sveglialampo	Intricopiedi	0	0	0	Doduo	Dodrio			Ora ha tre coppie di polmoni e tre cuori. È più lento di Doduo, ma può correre molto a lungo.
86	I	Seel	Acqua		Pokémon Otaria	50	50	1.1	90	190	65	45	55	45	Grassospesso	Idratazione	Corpogelo	0	0	0	Seel	Dewgong			La protuberanza che ha sulla testa è estremamente dura. Si fa strada tra gli iceberg spaccandoli a testate.
87	I	Dewgong	Acqua	Ghiaccio	Pokémon Otaria	50	50	1.7	120	75	90	70	80	70	Grassospesso	Idratazione	Corpogelo	0	0	0	Seel	Dewgong			Di giorno dorme su fondali marini poco profondi. Di notte, quando fa più freddo, va alla ricerca di cibo.
88	I	Grimer	Veleno	Veleno	Pokémon Melma	50	50	0.9	30	190	80	80	50	25	Tanfo	Antifurto	Velentocco	0	0	0	Grimer	Muk			Un Pokémon nato dalla melma. Predilige i posti sporchi perché gli permettono di aumentare la sua carica batterica.
89	I	Muk	Veleno	Veleno	Pokémon Melma	50	50	1.2	30	75	105	105	75	50	Tanfo	Antifurto	Velentocco	0	0	0	Grimer	Muk			Coperto di melma sudicia, è così tossico che persino le sue impronte sono velenose.
90	I	Shellder	Acqua		Pokémon Bivalve	50.2	49.8	0.3	4	190	30	65	100	40	Guscioscudo	Abillegame	Copricapo	0	0	0	Shellder	Cloyster			La conchiglia esterna è più dura del diamante. L’interno, invece, è sorprendentemente morbido.
91	I	Cloyster	Acqua	Ghiaccio	Pokémon Bivalve	50.2	49.8	1.5	132.5	60	50	95	180	70	Guscioscudo	Abillegame	Copricapo	0	0	0	Shellder	Cloyster			Ai Cloyster che vivono in mari con forti correnti crescono grandi aculei appuntiti sul guscio.
92	I	Gastly	Spettro	Veleno	Pokémon Gas	50.2	49.8	1.3	0.1	190	30	35	30	80	Levitazione			0	0	0	Gastly	Haunter	Gengar		Avvolge le prede nel corpo gassoso e le indebolisce lentamente facendo penetrare il veleno nella loro pelle.
93	I	Haunter	Spettro	Veleno	Pokémon Gas	50.2	49.8	1.6	0.1	90	45	50	45	95	Levitazione			0	0	0	Gastly	Haunter	Gengar		Adora stare in agguato nei luoghi bui e toccare le spalle delle vittime con le sue mani gassose. Il suo tocco causa brividi incontenibili.
94	I	Gengar	Spettro	Veleno	Pokémon Ombra	50.2	49.8	1.5	40.5	45	60	65	60	110	Corpofunesto			0	0	0	Gastly	Haunter	Gengar	Mega Gengar	Per sottrarre energia alla vittima si nasconde nella sua ombra e attende in silenzio il momento opportuno.
95	I	Onix	Roccia	Terra	Pokémon Serpesasso	50.2	49.8	8.8	210	45	35	45	160	70	Testadura	Vigore	Sottilguscio	0	0	0	Onix	Steelix			Scava nel terreno assorbendo gli oggetti più duri per irrobustire il suo corpo.
96	I	Drowzee	Psico		Pokémon Ipnosi	50	50	1	32.4	190	60	48	45	42	Insonnia	Premonizione	Forza Interiore	0	0	0	Drowzee	Hypno			Ricorda ogni singolo sogno che mangia. Mangia raramente i sogni degli adulti, perché quelli dei bambini sono più buoni.
97	I	Hypno	Psico		Pokémon Ipnosi	50	50	1.6	75.6	75	85	73	70	67	Insonnia	Premonizione	Forza Interiore	0	0	0	Drowzee	Hypno			Quando cattura lo sguardo del nemico, usa una varietà di poteri psichici come, ad esempio, l’ipnosi.
98	I	Krabby	Acqua		Pokémon Granchio	50.2	49.8	0.4	6.5	225	30	105	90	50	Ipertaglio	Guscioscudo	Forzabruta	0	0	0	Krabby	Kingler			Lo si può trovare vicino al mare. Le grandi chele, se si staccano, ricrescono.
99	I	Kingler	Acqua		Pokémon Chela	50.2	49.8	1.3	60	60	55	130	115	75	Ipertaglio	Guscioscudo	Forzabruta	0	0	0	Krabby	Kingler			La chela più grande è estremamente forte, ma è così pesante che non permette di mirare bene.
100	I	Voltorb	Elettro		Pokémon Ball			0.5	10.4	190	40	30	50	100	Antisuono	Statico	Scoppio	0	0	0	Voltorb	Electrode			Rotola per spostarsi. Se il terreno è irregolare, può esplodere all’improvviso a causa dell’urto contro un dosso.
101	I	Electrode	Elettro		Pokémon Sfera			1.2	66.6	60	60	50	70	150	Antisuono	Statico	Scoppio	0	0	0	Voltorb	Electrode			L’energia Elettro che immagazzina lo fa andare sempre più veloce, ma lo fa anche esplodere più facilmente.
102	I	Exeggcute	Erba	Psico	Pokémon Uovo	50.2	49.8	0.4	2.5	90	60	40	80	40	Clorofilla		Coglibacche	0	0	0	Exeggcute	Exeggutor			Se gli si tocca una delle teste scambiandola per un uovo, le altre non esitano ad attaccare in gruppo.
103	I	Exeggutor	Erba	Psico	Pokémon Nocecocco	50.2	49.8	2	120	45	95	95	85	55	Clorofilla		Coglibacche	0	0	0	Exeggcute	Exeggutor			Viene chiamato “giungla ambulante”. Ognuno dei frutti ha una faccia e una volontà proprie.
104	I	Cubone	Terra		Pokémon Solitario	50.2	49.8	0.4	6.5	190	50	50	95	35	Testadura	Parafulmine	Lottascudo	0	0	0	Cubone	Marowak			Quando piange pensando alla madre defunta, i suoi lamenti riecheggiano tristemente all’interno del teschio che ha in testa.
105	I	Marowak	Terra	Fuoco	Pokémon Guardaossi	50.2	49.8	1	45	75	60	80	110	45	Testadura	Parafulmine	Lottascudo	0	0	0	Cubone	Marowak			Si è evoluto dopo essersi temprato e aver superato il lutto. Usa l’osso come un’arma e lotta valorosamente contro i nemici.
106	I	Hitmonlee	Lotta		Pokémon Tiracalci	100	0	1.5	49.8	45	50	120	53	87	Scioltezza	Temerarietà	Agiltecnica	0	0	0	Tyrogue	Hitmonlee			Indurisce i muscoli della pianta del piede quando il suo calcio colpisce per aumentarne al massimo la potenza.
107	I	Hitmonchan	Lotta		Pokémon Tirapugni	100	0	1.4	50.2	45	50	105	79	76	Sguardofermo	Ferropugno	Forza Interiore	0	0	0	Tyrogue	Hitmonchan			Incalza il nemico con una combinazione di pugni da sinistra e da destra, per poi finirlo con un solo diretto sferrato a 500 km/h.
108	I	Lickitung	Normale		Pokémon Linguaccia	50.2	49.8	1.2	65.5	45	90	55	75	30	Mente Locale	Indifferenza	Antimeteo	0	0	0	Lickitung	Lickilicky			La sua saliva appiccicosa provoca un prurito terribile che non dà tregua se le parti leccate non vengono ripulite.
109	I	Koffing	Veleno		Pokémon Velenuvola	50.2	49.8	0.6	1	190	40	65	95	35	Levitazione	Neutralizing Gas	Tanfo	0	0	0	Koffing	Weezing			Il suo corpo sottile come un palloncino contiene enormi quantità di gas altamente tossico, che ogni tanto dà luogo a grandi esplosioni.
110	I	Weezing	Veleno	Veleno	Pokémon Velenuvola	50.2	49.8	1.2	9.5	60	65	90	120	60	Levitazione	Neutralizing Gas	Tanfo	0	0	0	Koffing	Weezing			I suoi velenosi gas interni diluiti al massimo sono usati per produrre profumi pregiatissimi.
111	I	Rhyhorn	Terra	Roccia	Pokémon Punzoni	50.2	49.8	1	115	120	80	85	95	25	Parafulmine	Testadura	Temerarietà	0	0	0	Rhyhorn	Rhydon	Rhyperior		Sceglie un’area di 10 km di raggio come suo territorio, ma pare che quando corre finisca per dimenticare quale sia.
112	I	Rhydon	Terra	Roccia	Pokémon Trapano	50.2	49.8	1.9	120	60	105	130	120	40	Parafulmine	Testadura	Temerarietà	0	0	0	Rhyhorn	Rhydon	Rhyperior		Si scontra con i suoi simili per affinare il corno che può fracassare perfino i diamanti grezzi.
113	I	Chansey	Normale		Pokémon Uovo	0	100	1.1	34.6	30	250	5	5	50	Alternacura	Leggiadro	Curacuore	0	0	0	Happiny	Chansey	Blissey		Un Pokémon altruista che depone uova molto nutrienti e le condivide con persone o Pokémon feriti.
114	I	Tangela	Erba		Pokémon Liana	50.2	49.8	1	35	45	65	55	115	60	Clorofilla	Fogliamanto	Rigenergia	0	0	0	Tangela	Tangrowth			Non è ancora chiaro quale sia il vero aspetto celato dietro alle sue liane, che crescono all’infinito anche dopo essere state recise.
115	I	Kangaskhan	Normale		Pokémon Genitore	0	100	2.2	80	45	105	95	80	90	Sveglialampo	Nervisaldi	Forza Interiore	0	0	0	Kangaskhan			Mega Kangaskhan	Ha un agile gioco di gambe, nonostante si porti appresso il cucciolo nel marsupio ventrale. Intimidisce gli avversari con jab velocissimi.
116	I	Horsea	Acqua		Pokémon Drago	50.2	49.8	0.4	8	225	30	40	70	60	Nuotovelox	Cecchino	Umidità	0	0	0	Horsea	Seadra	Kingdra		Anche se viene attaccato da un nemico di grandi dimensioni, si mette facilmente in salvo nuotando agilmente con la pinna dorsale ben sviluppata.
117	I	Seadra	Acqua		Pokémon Drago	50.2	49.8	1.2	25	75	55	65	95	85	Velenopunte	Cecchino	Umidità	0	0	0	Horsea	Seadra	Kingdra		Il maschio si occupa dei piccoli e li protegge scacciando con i suoi aculei velenosi chiunque si avvicini.
118	I	Goldeen	Acqua		Pokémon Pesce Rosso	50.2	49.8	0.6	15	225	45	67	60	63	Nuotovelox	Idrovelo	Parafulmine	0	0	0	Goldeen	Seaking			Le pinne su dorso, petto e coda ondeggiano con grazia. Perciò viene chiamato “danzatore d’acqua”.
119	I	Seaking	Acqua		Pokémon Pesce Rosso	50.2	49.8	1.3	39	60	80	92	65	68	Nuotovelox	Idrovelo	Parafulmine	0	0	0	Goldeen	Seaking			In autunno ingrassa in previsione della stagione degli amori e assume colori sgargianti.
120	I	Staryu	Acqua		Pokémon Stella			0.8	34.5	225	30	45	55	85	Risplendi	Alternacura	Ponderazione	0	0	0	Staryu	Starmie			Alla fine dell’estate, sui litorali è possibile osservare gruppi di Staryu che emettono luce a un ritmo regolare.
121	I	Starmie	Acqua	Psico	Pokémon Misterioso			1.1	80	60	60	75	85	115	Risplendi	Alternacura	Ponderazione	0	0	0	Staryu	Starmie			Quando scatena i suoi poteri psichici, l’organo centrale, detto nucleo, brilla di sette colori diversi.
122	I	Mr. Mime	Psico	Folletto	Pokémon Barriera	50.2	49.8	1.3	54.5	45	40	45	65	90	Antisuono	Filtro	Tecnico	0	0	0	Mimejr.	Mr.mime			È un esperto di mimica che, con i gesti, riesce a innalzare pareti che diventano reali.
123	I	Scyther	Coleottero	Volante	Pokémon Mantide	50.2	49.8	1.5	56	45	70	110	80	105	Aiutinsetto	Tecnico	Cuordeciso	0	0	0	Scyther	Scizor			Si fa strada tra l’erba grazie alle lame affilate, muovendosi troppo velocemente per l’occhio umano.
124	I	Jynx	Ghiaccio	Psico	Pokémon Umanoide	0	100	1.4	40.6	45	65	50	35	95	Indifferenza	Premonizione	Pellearsa	0	0	0	Smoochum	Jynx			In una certa zona di Galar, Jynx era temuto e venerato dagli abitanti, che lo chiamavano “Regina dei ghiacci”.
125	I	Electabuzz	Elettro		Pokémon Elettrico	75.49	24.51	1.1	30	45	65	83	57	105	Statico		Spiritovivo	0	0	0	Elekid	Electabuzz	Electivire		Il corpo scarica continuamente elettricità. A chi gli sta vicino si rizzano i capelli in testa.
126	I	Magmar	Fuoco		Pokémon Sputafuoco	75.49	24.51	1.3	44.5	45	65	95	57	93	Corpodifuoco		Spiritovivo	0	0	0	Magby	Magmar	Magmortar		È stato scoperto presso il cratere di un vulcano. Sputa fiamme dalla bocca e la sua temperatura corporea si aggira sui 1.200 ºC.
127	I	Pinsir	Coleottero		Pokémon Cervolante	50.2	49.8	1.5	55	45	65	125	100	85	Ipertaglio	Rompiforma	Arroganza	0	0	0	Pinsir			Mega Pinsir	I Pinsir si giudicano a vicenda in base alle corna. Quelli con corna grosse e imponenti hanno più successo con gli esemplari dell’altro sesso.
128	I	Tauros	Normale		Pokémon Torobrado	100	0	1.4	88.4	45	75	100	95	110	Prepotenza	Grancollera	Forzabruta	0	0	0	Tauros				Quando punta una preda, carica furiosamente frustando il proprio corpo con le lunghe code.
129	I	Magikarp	Acqua		Pokémon Pesce	50.2	49.8	0.9	10	255	20	10	55	80	Nuotovelox		Paura	0	0	0	Magikarp	Gyarados			Un Pokémon debole e patetico. Nelle rare occasioni in cui spicca alti salti, non riesce comunque a raggiungere i due metri.
130	I	Gyarados	Acqua	Volante	Pokémon Atroce	50.2	49.8	6.5	235	45	95	125	79	81	Prepotenza		Arroganza	0	0	0	Magikarp	Gyarados		Mega Gyarados	Quando esce allo scoperto in preda alla furia, non si placa finché non ha raso al suolo ogni cosa.
131	I	Lapras	Acqua	Ghiaccio	Pokémon Trasporto	50.2	49.8	2.5	220	45	130	85	80	60	Assorbacqua	Guscioscudo	Idratazione	0	0	0	Lapras				Trasporta la gente per il mare sul suo dorso. Se è di buon umore emette un verso dolce e melodioso.
132	I	Ditto	Normale		Pokémon Mutante			0.3	4	35	48	48	48	48	Scioltezza		Sosia	0	0	0	Ditto				Sa trasformarsi in maniera perfetta, ma se lo si fa ridere perde subito il travestimento.
133	I	Eevee	Normale		Pokémon Evoluzione	88.14	11.86	0.3	6.5	45	55	55	50	55	Fugafacile	Adattabilità	Presagio	0	0	0	Eevee				La capacità di evolversi in diverse specie gli permette di adattarsi perfettamente a qualsiasi tipo di ambiente.
134	I	Vaporeon	Acqua		Pokémon Bollajet	88.14	11.86	1	29	45	130	65	60	65	Assorbacqua		Idratazione	0	0	0	Eevee				Vive vicino all’acqua. Sulla punta della coda ha una pinna, per questo alcuni lo scambiano per una sirena.
135	I	Jolteon	Elettro		Pokémon Luminoso	88.14	11.86	0.8	24.5	45	65	65	60	130	Assorbivolt		Piedisvelti	0	0	0	Eevee				Concentra la debole carica elettrica emessa dalle sue cellule per lanciare potenti scariche.
136	I	Flareon	Fuoco		Pokémon Fiamma	88.14	11.86	0.9	25	45	65	130	60	65	Fuocardore		Dentistretti	0	0	0	Eevee				L’aria che inspira si infiamma passando per la sacca ardente che ha nel corpo, per poi essere espirata alla temperatura di 1.700 ºC.
137	I	Porygon	Normale		Pokémon Virtuale			0.8	36.5	45	65	60	70	40	Traccia	Download	Ponderazione	0	0	0	Porygon	Porygon2	Porygon-Z		Dato che questo Pokémon artificiale non ha bisogno di respirare, si pensa che sia capace di operare in ogni tipo di ambiente.
138	I	Omanyte	Roccia	Acqua	Pokémon Spirale	88.14	11.86	0.4	7.5	45	35	40	100	35	Nuotovelox	Guscioscudo	Sottilguscio	0	0	0	Omanyte	Omastar			Questo Pokémon si sta rivelando un problema perché a volte fugge o viene liberato dopo essere stato rigenerato.
139	I	Omastar	Roccia	Acqua	Pokémon Spirale	88.14	11.86	1	35	45	70	60	125	55	Nuotovelox	Guscioscudo	Sottilguscio	0	0	0	Omanyte	Omastar			Si dice si sia estinto per via della conchiglia grossa e pesante che, rendendo i suoi movimenti impacciati, gli impediva di catturare le prede.
140	I	Kabuto	Roccia	Acqua	Pokémon Crostaceo	88.14	11.86	0.5	11.5	45	30	80	90	55	Nuotovelox	Lottascudo	Sottilguscio	0	0	0	Kabuto	Kabutops			È un Pokémon sull’orlo dell’estinzione. Fa la muta ogni tre giorni indurendo gradualmente il carapace.
141	I	Kabutops	Roccia	Acqua	Pokémon Crostaceo	88.14	11.86	1.3	40.5	45	60	115	105	80	Nuotovelox	Lottascudo	Sottilguscio	0	0	0	Kabuto	Kabutops			Lacera le prede e ne succhia i fluidi corporei. I resti diventano poi cibo per altri Pokémon.
142	I	Aerodactyl	Roccia	Volante	Pokémon Fossile	88.14	11.86	1.8	59	45	80	105	65	130	Testadura	Pressione	Agitazione	0	0	0	Aerodactyl			Mega Aerodactyl	È un feroce Pokémon dell’antichità. Pare che con la tecnologia odierna non sia possibile rigenerarlo perfettamente.
143	I	Snorlax	Normale		Pokémon Sonno	88.14	11.86	2.1	460	25	160	110	65	30	Immunità	Grassospesso	Voracità	0	0	0	Munchlax	Snorlax			È un ghiottone che smette di mangiare solo per dormire. Divora ben 400 kg di cibo al giorno.
144	I	Articuno	Ghiaccio	Volante	Pokémon Gelo			1.7	55.4	3	90	85	100	85	Pressione		Mantelneve	1	0	0	Articuno				Un Pokémon alato leggendario. Riesce a creare bufere di neve congelando l’umidità nell’aria.
145	I	Zapdos	Elettro	Volante	Pokémon Elettrico			1.6	52.6	3	90	90	85	100	Pressione		Statico	1	0	0	Zapdos				Un Pokémon alato leggendario. Si dice che viva tra le nubi temporalesche. Controlla i fulmini a proprio piacimento.
146	I	Moltres	Fuoco	Volante	Pokémon Fiamma			2	60	3	90	100	90	90	Pressione		Corpodifuoco	1	0	0	Moltres				Uno dei Pokémon alati leggendari. Si dice che la sua comparsa preannunci l’arrivo della primavera.
147	I	Dratini	Drago		Pokémon Drago	50.2	49.8	1.8	3.3	45	41	64	45	50	Muta		Pelledura	0	0	0	Dratini	Dragonair	Dragonite		Cresce cambiando ripetutamente la pelle. Durante la muta, si protegge tra le acque impetuose di una cascata.
148	I	Dragonair	Drago		Pokémon Drago	50.2	49.8	4	16.5	45	61	84	65	70	Muta		Pelledura	0	0	0	Dratini	Dragonair	Dragonite		Dicono che quando il suo corpo emana un’aura, il tempo cambierà immediatamente.
149	I	Dragonite	Drago	Volante	Pokémon Drago	50.2	49.8	2.2	210	45	91	134	95	80	Forza Interiore		Multisquame	0	0	0	Dratini	Dragonair	Dragonite		Si dice che questi Pokémon si riuniscano su un’isola in mezzo all’oceano dove vivono solo loro.
150	I	Mewtwo	Psico		Pokémon Genetico			2	122	3	106	110	90	130	Pressione		Agitazione	0	1	0	Mewtwo			Mega Mewtwo X	Il suo DNA è quasi uguale a quello di Mew. Ciò nonostante, sono agli antipodi per dimensioni e carattere.
151	I	Mew	Psico		Pokémon NovaSpecie			0.4	4	45	100	100	100	100	Sincronismo			0	0	1	Mew				Osservando al microscopio la pelle di Mew si può constatare che è ricoperta da una fitta peluria, corta e fine.
152	II	Chikorita	Erba		Pokémon Foglia	88.1	11.9	0.9	6.4	45	45	49	65	45	Erbaiuto		Fogliamanto	0	0	0	Chikorita	Bayleef	Meganium		Ama crogiolarsi al sole. Usa la foglia che ha sulla testa per cercare luoghi tiepidi.
153	II	Bayleef	Erba		Pokémon Foglia	88.1	11.9	1.2	15.8	45	60	62	80	60	Erbaiuto		Fogliamanto	0	0	0	Chikorita	Bayleef	Meganium		Dal suo collo si spande un profumo di spezie che, per qualche motivo, spinge alla lotta chi lo avverte.
154	II	Meganium	Erba		Pokémon Erba	88.1	11.9	1.8	100.5	45	80	82	100	80	Erbaiuto		Fogliamanto	0	0	0	Chikorita	Bayleef	Meganium		Chiunque gli stia vicino si sente rigenerato come se avesse fatto una rilassante passeggiata nel bosco.
155	II	Cyndaquil	Fuoco		Pokémon Fuocotopo	88.1	11.9	0.5	7.9	45	39	52	43	65	Aiutofuoco		Fuocoardore	0	0	0	Cyndaquil	Quilava	Typhlosion		Di solito tiene la schiena arcuata. Se ha paura o è sorpreso, lancia fiamme dal dorso.
156	II	Quilava	Fuoco		Pokémon Vulcano	88.1	11.9	0.9	19	45	58	64	58	80	Aiutofuoco		Fuocoardore	0	0	0	Cyndaquil	Quilava	Typhlosion		Prima di lottare mostra il dorso al nemico per impressionarlo con la potenza delle sue fiamme.
157	II	Typhlosion	Fuoco		Pokémon Vulcano	88.1	11.9	1.7	79.5	45	78	84	78	100	Aiutofuoco		Fuocoardore	0	0	0	Cyndaquil	Quilava	Typhlosion		Ha una devastante mossa segreta: causa forti esplosioni sfregando la pelliccia infuocata.
158	II	Totodile	Acqua		Pokémon Mascellone	88.1	11.9	0.6	9.5	45	50	65	64	43	Acquaiuto		Forzabruta	0	0	0	Totodile	Croconaw	Feraligatr		Le sue mandibole ben sviluppate sono così potenti da frantumare qualsiasi cosa, perciò anche chi lo allena deve agire con cautela.
159	II	Croconaw	Acqua		Pokémon Mascellone	88.1	11.9	1.1	25	45	65	80	80	58	Acquaiuto		Forzabruta	0	0	0	Totodile	Croconaw	Feraligatr		La punta delle sue zanne è curvata verso l’interno in modo da non lasciare scampo alle prede che addenta.
160	II	Feraligatr	Acqua		Pokémon Mascellone	88.1	11.9	2.3	88.8	45	85	105	100	78	Acquaiuto		Forzabruta	0	0	0	Totodile	Croconaw	Feraligatr		Azzanna l’avversario con le sue grandi e potenti mandibole e, senza lasciare la presa, agita la testa riducendolo a brandelli.
161	II	Sentret	Normale		Pokémon Esploratore	50	50	0.8	6	255	35	46	34	20	Fugafacile	Sguardofermo	Indagine	0	0	0	Sentret	Furret			Un Pokémon sempre all’erta. L’agile coda è muscolosa e dura al tatto.
162	II	Furret	Normale		Pokémon Lungocorpo	50	50	1.8	32.5	90	85	76	64	90	Fugafacile	Sguardofermo	Indagine	0	0	0	Sentret	Furret			Alleva i piccoli in tane lunghe e strette. Quando questi crescono, li porta fuori dalla tana per prepararli all’indipendenza.
163	II	Hoothoot	Normale	Volante	Pokémon Gufo	50.2	49.8	0.7	21.2	255	60	30	30	50	Insonnia	Sguardofermo	Lentifumé	0	0	0	Hoothoot	Noctowl			Ha un orologio interno precisissimo. Scandisce il tempo piegando la testa a intervalli regolari.
164	II	Noctowl	Normale	Volante	Pokémon Gufo	50.2	49.8	1.6	40.8	90	100	50	50	70	Insonnia	Sguardofermo	Lentifumé	0	0	0	Hoothoot	Noctowl			I suoi occhi speciali captano anche la luce più fioca, permettendogli di vedere al buio.
165	II	Ledyba	Coleottero	Volante	Pokémon Pentastra	50	50	1	10.8	255	40	20	30	55	Aiutinsetto	Sveglialampo	Paura	0	0	0	Ledyba	Ledian			Nel clima temperato di Alola, questo Pokémon estremamente sensibile al freddo è arzillo e pieno di vita.
166	II	Ledian	Coleottero	Volante	Pokémon Pentastra	50	50	1.4	35.6	90	55	35	50	85	Aiutinsetto	Sveglialampo	Ferropugno	0	0	0	Ledyba	Ledian			Si dice che il motivo sul suo dorso abbia una qualche relazione con le stelle, ma non si sa ancora niente di preciso.
167	II	Spinarak	Coleottero	Veleno	Pokémon Tela	50	50	0.5	8.5	255	40	60	40	30	Aiutinsetto	Insonnia	Cecchino	0	0	0	Spinarak	Ariados			Se una preda rimane irretita nella sua tela, non le si avvicina finché non cala la notte.
168	II	Ariados	Coleottero	Veleno	Pokémon Lungazampa	50	50	1.1	33.5	90	70	90	70	40	Aiutinsetto	Insonnia	Cecchino	0	0	0	Spinarak	Ariados			Tesse un filo ininterrotto dalla sua parte posteriore. Seguendo il filo si giunge al suo nido.
169	II	Crobat	Veleno	Volante	Pokémon Pipistrello	50.2	49.8	1.8	75	90	85	90	80	130	Forza Interiore		Intrapasso	0	0	0	Zubat	Golbat	Crobat		Le due zampe si sono mutate in ali. Vola verso la preda ad alta velocità senza fare alcun rumore e le affonda le zanne nella nuca.
170	II	Chinchou	Acqua	Elettro	Pokémon Pescatore	50.2	49.8	0.5	12	190	75	38	38	67	Assorbivolt	Risplendi	Assorbacqua	0	0	0	Chinchou	Lanturn			Vive nelle profondità marine al riparo dalla luce del sole. Comunica con i propri simili emettendo luce dalle antenne.
171	II	Lanturn	Acqua	Elettro	Pokémon Luce	50.2	49.8	1.2	22.5	75	125	58	58	67	Assorbivolt	Risplendi	Assorbacqua	0	0	0	Chinchou	Lanturn			Parte della sua pinna dorsale è mutata nelle sfere luminose con cui attira le prede.
172	II	Pichu	Elettro		Pokémon Topino	50.2	49.8	0.3	2	190	20	40	15	60	Statico		Parafulmine	0	0	0	Pichu	Pikachu	Raichu		Non è ancora bravo a immagazzinare elettricità. Basta un minimo spavento per fargliela perdere immediatamente.
173	II	Cleffa	Folletto		Pokémon Stella	24.9	75.1	0.3	3	150	50	25	28	15	Incantevole	Magiscudo	Amicoscudo	0	0	0	Cleffa	Clefairy	Clefable		Nelle notti illuminate dalle stelle cadenti guarda intensamente il cielo, come se stesse pensando al suo luogo d’origine.
174	II	Igglybuff	Normale	Folletto	Pokémon Pallone	24.9	75.1	0.3	1	170	90	30	15	15	Incantevole	Tenacia	Amicoscudo	0	0	0	Igglybuff	Jigglypuff	Wigglytuff		Il suo corpo morbido ed elastico emette un profumo dolce e delicato. Se inizia a rimbalzare è impossibile fermarlo.
175	II	Togepi	Folletto		Pokémon Pallapunte	88.14	11.86	0.3	1.5	190	35	20	65	20	Tuttafretta	Leggiadro	Supersorte	0	0	0	Togepi	Togetic	Togekiss		Sembra che il suo guscio sia ricolmo di felicità. Si dice che porti fortuna se lo si tratta bene.
176	II	Togetic	Folletto	Volante	Pokémon Felicità	88.14	11.86	0.6	3.2	75	55	40	85	40	Tuttafretta	Leggiadro	Supersorte	0	0	0	Togepi	Togetic	Togekiss		Si dice che appaia alle persone buone e premurose, inondandole di felicità.
177	II	Natu	Psico	Volante	Pokémon Uccellino	50.2	49.8	0.2	2	190	40	50	45	70	Sincronismo	Sveglialampo	Magic Bounce	0	0	0	Natu	Xatu			È molto bravo ad arrampicarsi sui tronchi degli alberi per mangiare i germogli appena spuntati.
178	II	Xatu	Psico	Volante	Pokémon Magico	50.2	49.8	1.5	15	75	65	75	70	95	Sincronismo	Sveglialampo	Magispecchio	0	0	0	Natu	Xatu			Si dice che se ne stia immobile e in silenzio perché sta osservando passato e futuro allo stesso tempo.
179	II	Mareep	Elettro		Pokémon Lana	50	50	0.6	7.8	235	55	40	40	35	Statico		Più	0	0	0	Mareep	Flaaffy	Ampharos		Se il corpo accumula elettricità statica, il volume del vello raddoppia. Toccandolo si prende la scossa.
180	II	Flaaffy	Elettro	Elettrico	Pokémon Lana	50	50	0.8	13.3	120	70	55	55	45	Statico		Più	0	0	0	Mareep	Flaaffy	Ampharos		Ha immagazzinato così tanta elettricità che su intere parti del corpo non cresce neppure la lanugine.
181	II	Ampharos	Elettro	Elettrico	Pokémon Luce	50	50	1.4	61.5	45	90	75	85	55	Statico		Più	0	0	0	Mareep	Flaaffy	Ampharos	Mega Ampharos	La luce che ha sulla coda è visibile da molto lontano. Da sempre funge da faro.
182	II	Bellossom	Erba		Pokémon Fiore	50.2	49.8	0.4	5.8	45	75	80	95	50	Clorofilla		Curacuore	0	0	0	Oddish	Gloom	Bellossom		È diventato diurno per effetto della Pietrasolare. Ama danzare sotto i raggi del sole.
183	II	Marill	Acqua	Folletto	Pokémon Acquatopo	50.2	49.8	0.4	8.5	190	70	20	50	40	Grassospesso	Macroforza	Mangiaerba	0	0	0	Azurill	Marill	Azumarill		La pelliccia è idrorepellente. Così, rimane asciutto anche giocando nell’acqua.
184	II	Azumarill	Acqua	Folletto	Pokémon Acquniglio	50.2	49.8	0.8	28.5	75	100	50	80	50	Grassospesso	Macroforza	Mangiaerba	0	0	0	Azurill	Marill	Azumarill		Le sue lunghe orecchie sono ricettori sensibilissimi. Riesce a distinguere e identificare ogni minimo rumore perfino sott’acqua.
185	II	Sudowoodo	Roccia		Pokémon Imitazione	50.2	49.8	1.2	38	65	70	100	115	30	Vigore	Testadura	Paura	0	0	0	Bonsly	Sudowoodo			Sebbene finga di essere un albero, il suo corpo ha una composizione più simile a quella di una roccia che a quella di un vegetale.
186	II	Politoed	Acqua		Pokémon Rana	50.2	49.8	1.1	33.9	45	90	75	75	70	Assorbacqua	Umidità	Piovischio	0	0	0	Poliwag	Poliwhirl	Politoed		Se i Poliwag o i Poliwhirl odono riecheggiare il suo verso si radunano anche da enormi distanze.
187	II	Hoppip	Erba	Volante	Pokémon Gramigna	50	50	0.4	0.5	255	35	35	40	50	Clorofilla	Fogliamanto	Intrapasso	0	0	0	Hoppip	Skiploom	Jumpluff		Percorre distanze notevoli trasportato dal vento. La provenienza esatta degli esemplari che popolano Paldea è tuttora sconosciuta.
188	II	Skiploom	Erba	Volante	Pokémon Gramigna	50	50	0.6	1	120	55	45	50	80	Clorofilla	Fogliamanto	Intrapasso	0	0	0	Hoppip	Skiploom	Jumpluff		Gli appassionati di questo Pokémon sanno riconoscerne il luogo di nascita dal profumo che emana il fiore sulla sua testa.
189	II	Jumpluff	Erba	Volante	Pokémon Gramigna	50	50	0.8	3	45	75	55	70	110	Clorofilla	Fogliamanto	Intrapasso	0	0	0	Hoppip	Skiploom	Jumpluff		Viaggia facendosi trasportare dai venti stagionali. Quando le spore simili al cotone si esauriscono, terminano anche il suo viaggio e la sua vita.
190	II	Aipom	Normale		Pokémon Lungacoda	50	50	0.8	11.5	45	55	70	55	85	Fugafacile	Raccolta	Abillegame	0	0	0	Aipom	Ambipom			Vive in cima agli alberi più alti. Usando abilmente la coda, mantiene l’equilibrio quando salta di ramo in ramo.
191	II	Sunkern	Erba		Pokémon Seme	50	50	0.3	1.8	235	30	30	30	30	Clorofilla	Solarpotere	Sveglialampo	0	0	0	Sunkern	Sunflora			Cade improvvisamente giù dal cielo al mattino. Sa di essere debole e cerca di nutrirsi al meglio in attesa di evolversi.
192	II	Sunflora	Erba		Pokémon Sole	50	50	0.8	8.5	120	75	75	55	30	Clorofilla	Solarpotere	Sveglialampo	0	0	0	Sunkern	Sunflora			Di giorno si muove freneticamente, ma quando cala il sole si ferma e interrompe ogni attività.
193	II	Yanma	Coleottero	Volante	Pokémon Alachiara	50	50	1.2	38	75	65	65	45	95	Accellelatore	Insettocchi	Indagine	0	0	0	Yanma	Yanmega			Per sorvegliare il suo territorio, si ferma a mezz’aria sbattendo velocemente le ali.
194	II	Wooper	Acqua	Terra	Pokémon Acquapesce	50.2	49.8	0.4	8.5	255	55	45	45	15	Umidità	Assorbacqua	Imprudenza	0	0	0	Wooper	Quagsire			Il suo corpo è ricoperto da una pellicola trasparente che causa formicolio e intorpidimento se toccata a mani nude.
195	II	Quagsire	Acqua	Terra	Pokémon Acquapesce	50.2	49.8	1.4	75	90	95	85	85	35	Umidità	Assorbacqua	Imprudenza	0	0	0	Wooper	Quagsire			Ha un carattere tranquillo e quando nuota spensierato urta sempre la testa contro gli scafi delle barche.
196	II	Espeon	Psico		Pokémon Sole	88.14	11.86	0.9	26.5	45	65	65	60	110	Sincronismo		Magispecchio	0	0	0	Eevee				Mentre prevede la prossima mossa del nemico, le punte della sua coda biforcuta tremano lievemente.
197	II	Umbreon	Buio		Pokémon Luce Lunare	88.14	11.86	1	27	45	95	65	110	65	Sincronismo		Forza Interiore	0	0	0	Eevee				Quando è esposto alla luce lunare i cerchi sul suo corpo brillano e acquisisce uno strano potere.
198	II	Murkrow	Buio	Volante	Pokémon Oscurità	50	50	0.5	2.1	30	60	85	42	91	Insonnia	Supersorte	Burla	0	0	0	Murkrow	Honchkrow			Molti lo temono e lo detestano credendo che porti sfortuna a chiunque lo veda di notte.
199	II	Slowking	Acqua	Psico	Pokémon Reale	50.2	49.8	2	79.5	70	95	75	80	30	Indifferenza	Mente Locale	Rigenergia	0	0	0	Slowpoke	Slowbro	Slowking		Uno Slowpoke il cui straordinario potere si è risvegliato per via delle tossine penetrate in lui dopo essere stato morso alla testa.
200	II	Misdreavus	Spettro		Pokémon Stridio	50	50	0.7	1	45	60	60	60	85	Levitazione			0	0	0	Misdreavus	Mismagius			Un Pokémon che terrorizza la gente nel cuore della notte. Assorbe la paura per usarla come energia.
201	II	Unown	Psico		Pokémon Simbolo			0.5	5	225	48	72	48	48	Levitazione			0	0	0	Unown				Questo Pokémon pare una lettera di un alfabeto antico. A tutt’oggi rimane un mistero chi sia comparso prima, se l’alfabeto o Unown. Sono in corso ricerche in merito ma non si sa ancora praticamente nulla.
202	II	Wobbuffet	Psico		Pokémon Paziente	50.2	49.8	1.3	28.5	45	190	33	58	33	Pedinombra		Telepatia	0	0	0	Wynaut	Wobbuffet			Odia la luce e gli shock. Se è attaccato, gonfia il corpo per preparare il contrattacco.
203	II	Girafarig	Normale	Psico	Pokémon Lungocollo	50	50	1.5	41.5	60	70	80	65	85	Forza Interiore	Sveglialampo	Mangiaerba	0	0	0	Girafarig				Il cervello nella coda è molto piccolo, ma è un organo importante dotato di forti poteri psichici.
204	II	Pineco	Coleottero		Pokémon Larva	50	50	0.6	7.2	190	50	65	90	15	Vigore		Copricapo	0	0	0	Pineco	Forretress			Gli piace ispessire il guscio aggiungendo strati di corteccia. Non è impensierito dall’aumento di peso.
205	II	Forretress	Coleottero	Acciaio	Pokémon Larva	50	50	1.2	125.8	75	75	90	140	40	Vigore		Copricapo	0	0	0	Pineco	Forretress			Lo si vede spesso attaccato al tronco di qualche grosso albero. Quando avverte una qualche presenza, scaglia frammenti del suo guscio.
206	II	Dunsparce	Normale		Pokémon Terraserpe	50.2	49.8	1.5	14	190	100	70	70	45	Leggiadro	Fugafacile	Paura	0	0	0	Dunsparce				Costruisce labirinti in luoghi bui. Se qualcuno lo vede, si dà alla fuga scavando il terreno con la coda.
207	II	Gligar	Terra	Volante	Pokémon Aliscorpio	50	50	1.1	64.8	60	65	75	105	85	Ipertaglio	Sabbiovelo	Immunità	0	0	0	Gligar	Gliscor			Nidifica su ripide scogliere. Dopo aver planato, torna al nido saltellando.
208	II	Steelix	Acciaio	Terra	Pokémon Ferroserpe	50.2	49.8	9.2	400	25	75	85	200	30	Testadura	Vigore	Forzabruta	0	0	0	Onix	Steelix		Mega Steelix	Un Onix vissuto più di 100 anni. Il suo corpo ha cambiato composizione ed è diventato duro come il diamante.
209	II	Snubbull	Folletto		Pokémon Fata	24.6	75.4	0.6	7.8	190	60	80	50	30	Prepotenza	Fugafacile	Paura	0	0	0	Snubbull	Granbull			È piuttosto codardo, ma ringhia a più non posso per nascondere la paura.
210	II	Granbull	Folletto		Pokémon Fata	24.6	75.4	1.4	48.7	75	90	120	75	45	Prepotenza	Piedisvelti	Paura	0	0	0	Snubbull	Granbull			Timido e pauroso, se viene attaccato cerca di scacciare il nemico agitando forsennatamente le zampe.
211	II	Qwilfish	Acqua	Veleno	Pokémon Pallonne	50.2	49.8	0.5	3.9	45	65	95	85	85	Velenopunte	Nuotovelox	Prepotenza	0	0	0	Qwilfish				Se comincia a gonfiarsi d’acqua, bisogna fare attenzione: sta per attaccare lanciando gli aculei velenosi che gli crescono su tutto il corpo.
212	II	Scizor	Coleottero	Acciaio	Pokémon Chela	50.2	49.8	1.8	118	25	70	130	100	65	Aiutinsetto	Tecnico	Metallegero	0	0	0	Scyther	Scizor		Mega Scizor	Le chele, che contengono acciaio, possono fare a pezzi qualsiasi oggetto afferrino, anche se durissimo.
213	II	Shuckle	Coleottero	Roccia	Pokémon Muffa	50.2	49.8	0.6	20.5	190	20	10	230	5	Vigore	Voracità	Inversione	0	0	0	Shuckle				Nel guscio raccoglie delle bacche. Per evitare gli attacchi, si nasconde sotto le rocce e rimane immobile senza fare alcun rumore.
214	II	Heracross	Coleottero	Lotta	Pokémon Monocorno	50.2	49.8	1.5	54	45	80	125	75	85	Aiutinsetto	Dentistretti	Arroganza	0	0	0	Heracross			Mega Heracross	È ghiotto della dolce linfa degli alberi e per non farsela rubare scaglia lontano i nemici con il suo possente corno.
215	II	Sneasel	Buio	Ghiaccio	Pokémon Lamartigli	50.2	49.8	0.9	28	60	55	95	55	115	Forza Interiore	Sguardofermo	Arraffalesto	0	0	0	Sneasel	Weavile			Questo scaltro Pokémon si cela nell’oscurità per lanciarsi sulla preda.
216	II	Teddiursa	Normale		Pokémon Orsetto	50	50	0.6	8.8	120	60	80	50	40	Racoolta	Piedisvelti	Mielincetta	0	0	0	Teddiursa	Ursaring			Segue di nascosto i Combee per scovare il loro nido. Mangia abbondanti quantità di miele che raccoglie con le zampe anteriori.
217	II	Ursaring	Normale		Pokémon Letargo	50	50	1.8	125.8	60	90	130	75	55	Dentistretti	Piedisvelti	Agitazione	0	0	0	Teddiursa	Ursaring			Ha un’aria temeraria, ma quando lecca il miele di cui è ghiotto gli si dipinge un sorriso sul muso.
218	II	Slugma	Fuoco		Pokémon Lava	50	50	0.7	35	190	40	40	40	20	Magmascudo	Corpodifuoco	Sottilguscio	0	0	0	Slugma	Magcargo			A volte il suo corpo fatto di lava si raffredda e perde dei pezzi. Tuttavia, gli basta immergersi nel magma per rigenerarsi.
219	II	Magcargo	Fuoco	Roccia	Pokémon Lava	50	50	0.8	55	75	60	50	120	30	Magmascudo	Corpodifuoco	Sottilguscio	0	0	0	Slugma	Magcargo			Vive nei pressi dei crateri vulcanici. Accumula energia Fuoco nel guscio fatto di magma raffreddato e indurito.
220	II	Swinub	Ghiaccio	Terra	Pokémon Maiale	50.2	49.8	0.4	6.5	225	50	50	40	50	Indifferenza	Mantelneve	Grassospesso	0	0	0	Swinub	Piloswine	Mamoswine		Scava con la punta del naso alla ricerca di cibo. Può penetrare persino il terreno ghiacciato.
221	II	Piloswine	Ghiaccio	Terra	Pokémon Suino	50.2	49.8	1.1	55.8	75	100	100	80	50	Indifferenza	Mantelneve	Grassospesso	0	0	0	Swinub	Piloswine	Mamoswine		Il suo fitto pelo lo protegge dal freddo. Ha zanne di ghiaccio che si ispessiscono quando nevica.
222	II	Corsola	Acqua	Roccia	Pokémon Corallo	24.9	75.1	0.6	5	60	65	55	95	35	Tuttafretta	Alternacura	Rigenergia	0	0	0	Corsola	Cursola			Vivono numerosi nei limpidi mari del sud. Pare che non riescano a sopravvivere nelle acque inquinate.
223	II	Remoraid	Acqua		Pokémon Jet	50.2	49.8	0.6	12	190	35	65	35	65	Tuttafretta	Cecchino	Altalena	0	0	0	Remoraid	Octillery			I getti d’acqua che spara dalla bocca riescono a colpire una preda in movimento anche a 100 m di distanza.
224	II	Octillery	Acqua		Pokémon Jet	50.2	49.8	0.9	28.5	75	75	105	75	45	Ventose	Cecchino	Altalena	0	0	0	Remoraid	Octillery			Ama nascondersi nei buchi. Spesso ruba le tane di altri Pokémon per dormirvi.
225	II	Delibird	Ghiaccio	Volante	Pokémon Consegna	50.2	49.8	0.9	16	45	45	55	45	75	Spiritovivo	Tuttafretta	Insonnia	0	0	0	Delibird				Trasporta cibo per tutto il giorno. Si racconta che persone disperse o in difficoltà si siano salvate grazie ai suoi viveri.
226	II	Mantine	Acqua	Volante	Pokémon Aquilone	50.2	49.8	2.1	220	25	85	40	70	70	Nuotovelox	Assorbacqua	Idrovelo	0	0	0	Mantyke	Mantine			Prende velocità nuotando e, quando è pronto, usa le onde come trampolini per saltare, planando poi anche per 100 m.
227	II	Skarmory	Acciaio	Volante	Pokémon Armuccello	50.2	49.8	1.7	50.5	25	65	80	140	70	Sguardofermo	Vigore	Sottilguscio	0	0	0	Skarmory				All’apparenza pesante, il suo resistente corpo metallico è in realtà sottile e leggero, tanto da consentirgli di volare a 300 km/h.
228	II	Houndour	Buio	Fuoco	Pokémon Buio	50	50	0.6	10.8	120	45	60	30	65	Sveglialampo	Fuocoardore	Agitazione	0	0	0	Houndour	Houndoom			È abbastanza intelligente da cacciare in branco, utilizzando una varietà di versi per comunicare con i compagni.
229	II	Houndoom	Buio	Fuoco	Pokémon Buio	50	50	1.4	35	45	75	90	50	95	Sveglialampo	Fuocoardore	Agitazione	0	0	0	Houndour	Houndoom		Mega Houndoom	Se si viene ustionati dalle fiamme che sputa dalla bocca, il dolore rimarrà per sempre.
230	II	Kingdra	Acqua	Drago	Pokémon Drago	50.2	49.8	1.8	152	45	75	95	95	85	Nuotovelox	Cecchino	Umidità	0	0	0	Horsea	Seadra	Kingdra		Si dice che dorma sul fondo dell’oceano per ricaricarsi di energia e che svegliandosi provochi uragani.
231	II	Phanpy	Terra		Pokémon Nasone	50	50	0.5	33.5	120	90	60	60	40	Racoolta		Sabbiavelo	0	0	0	Phanpy	Donphan			Vive in tane che costruisce in riva ai fiumi. Dopo aver giocato nel fango, non riesce a star tranquillo finché non si è lavato.
232	II	Donphan	Terra		Pokémon Armatura	50	50	1.1	120	60	90	120	120	50	Vigore		Sabbiavelo	0	0	0	Phanpy	Donphan			La sua pelle è così dura che anche se sbatte contro una macchina non si fa un graffio. La pioggia è il suo punto debole.
233	II	Porygon2	Normale		Pokémon Virtuale			0.6	32.5	45	85	80	90	60	Traccia	Download	Ponderazione	0	0	0	Porygon	Porygon2	Porygon-Z		Un Pokémon artificiale realizzato con tecnologia d’avanguardia. Di tanto in tanto mostra reazioni non programmate.
234	II	Stantler	Normale		Pokémon Grancorno	50	50	1.4	71.2	45	73	95	62	85	Prepotenza	Indagine	Mangiaerba	0	0	0	Stantler				Pare che in passato vivesse in ambienti estremamente inospitali, e per questo avesse poteri psichici ancora più potenti di adesso.
235	II	Smeargle	Normale		Pokémon Pittore	50	50	1.2	58	45	55	20	35	75	Mente Locale	Tecnico	Altalena	0	0	0	Smeargle				Fra gli esemplari adulti è usanza portare sul dorso le impronte delle zampe dei propri compagni.
236	II	Tyrogue	Lotta		Pokémon Baruffa	100	0	0.7	21	75	35	35	35	35	Dentistretti	Cuordeciso	Spiritovivo	0	0	0	Tyrogue	Hitmonchan	Hitmonlee		Questo Pokémon determinato ricerca lo stile di lotta più adatto a sé affrontando avversari di ogni tipo.
237	II	Hitmontop	Lotta		Pokémon Verticale	100	0	1.4	48	45	50	95	95	70	Prepotenza	Tecnico	Cuordeciso	0	0	0	Tyrogue	Hitmontop			La sua specialità sono i calci, che sferra come in una danza. Il corno che ha in testa è fatto della stessa sostanza che forma peli e unghie.
238	II	Smoochum	Ghiaccio	Psico	Pokémon Bacio	0	100	0.4	6	45	45	30	15	65	Indifferenza	Premonizione	Idratazione	0	0	0	Smoochum	Jynx			Si sciacqua il volto alla minima traccia di sporcizia. Pare non presti la stessa attenzione al resto del corpo.
239	II	Elekid	Elettro		Pokémon Elettrico	75.49	24.51	0.6	23.5	45	45	63	37	95	Statico		Spiritovivo	0	0	0	Elekid	Electabuzz	Electivire		Adora i tuoni più fragorosi. Quando carica il corpo di elettricità, fra le due corna brilla una luce di colore blu pallido.
240	II	Magby	Fuoco		Pokémon Carbonvivo	75.49	24.51	0.7	21.4	45	45	75	37	83	Corpodifuoco		Spiritovivo	0	0	0	Magby	Magmar	Magmortar		Ogni volta che inspira ed espira, dalla bocca e dalle narici fuoriescono scintille.
241	II	Miltank	Normale		Pokémon Bovino	0	100	1.2	75.5	45	95	80	105	100	Grassospesso	Nervisaldi	Mangiaerba	0	0	0	Miltank				Il suo latte altamente nutriente contribuisce al sostentamento di persone e Pokémon da tempo immemore.
242	II	Blissey	Normale		Pokémon Felicità	0	100	1.5	46.8	30	255	10	10	55	Alternacura	Leggiadro	Curacuore	0	0	0	Happiny	Chansey	Blissey		Basta un solo assaggio di una delle uova deposte da Blissey per diventare gentili e premurosi nei confronti di chiunque.
243	II	Raikou	Elettro		Pokémon Tuono			1.9	178	3	90	85	75	115	Pressione		Forza Interiore	1	0	0	Raikou				Raikou rappresenta la velocità del fulmine. Il suo ruggito crea terrificanti onde d’urto nell’aria e scuote il suolo come se fosse percosso dalla furia di un fulmine durante il temporale.
244	II	Entei	Fuoco		Pokémon Vulcano			2.1	198	3	115	115	85	100	Pressione		Forza Interiore	1	0	0	Entei				Entei rappresenta l’ardore del magma. Si narra che questo Pokémon sia nato dall’eruzione di un vulcano. Emette lingue di fuoco così violente da incenerire tutto ciò che lambiscono.
245	II	Suicune	Acqua		Pokémon Aurora			2	187	3	100	75	115	85	Pressione		Forza Interiore	1	0	0	Suicune				Suicune rappresenta la purezza delle sorgenti d’acqua dolce. Corre con grazia immerso nella natura. Questo Pokémon ha la facoltà di depurare le acque di scarico.
246	II	Larvitar	Roccia	Terra	Pokémon Peldisasso	50.2	49.8	0.6	72	45	50	64	50	41	Dentistretti		Sabbiavelo	0	0	0	Larvitar	Pupitar	Tyranitar		Nasce nel profondo sottosuolo e dopo aver mangiato una montagna di terra si trasforma in una crisalide.
247	II	Pupitar	Roccia	Terra	Pokémon Guscioduro	50.2	49.8	1.2	152	45	70	84	70	51	Muta			0	0	0	Larvitar	Pupitar	Tyranitar		È una crisalide che vola furiosamente qua e là, espellendo con forza il gas compresso all’interno del proprio corpo.
248	II	Tyranitar	Roccia	Buio	Pokémon Armatura	50.2	49.8	2	202	45	100	134	110	61	Sabbiafiume		Agitazione	0	0	0	Larvitar	Pupitar	Tyranitar	Mega Tyranitar	Con la sua forza smisurata riesce a trasformare il paesaggio con estrema facilità. La sua indole insolente lo rende indifferente al mondo.
249	II	Lugia	Psico	Volante	Pokémon Immersione			5.2	216	3	106	90	130	110	Pressione		Multisquame	0	1	0	Lugia				Le ali di Lugia hanno un’enorme potenza distruttiva: un leggero battito d’ali è in grado di abbattere una normale abitazione. Perciò il Pokémon ha scelto di vivere lontano dall’uomo, nelle profondità abissali.
250	II	Ho-Oh	Fuoco	Volante	Pokémon Arcobaleno			3.8	199	3	106	130	90	90	Pressione		Rigenergia	0	1	0	Ho-Oh				Il piumaggio di Ho-Oh brilla in sette colori a seconda dell’angolazione dei raggi luminosi. Si dice che le sue piume portino felicità a chi le possiede. Si narra che viva ai piedi di un arcobaleno.
251	II	Celebi	Psico	Erba	Pokémon Tempovia			0.6	5	45	100	100	100	100	Alternacura			0	0	1	Celebi				Celebi è giunto a noi dal futuro, viaggiando attraverso il tempo. Si dice che ogni sua apparizione preannunci un futuro roseo e splendente.
252	III	Treecko	Erba		Pokémon Legnogeco	88.14	11.86	0.5	5	45	40	45	35	70	Erbaiuto		Agiltecnica	0	0	0	Treecko	Grovyle	Sceptile		Le piccole setole sulle piante dei piedi si ancorano a pareti e soffitti, permettendogli di restarvi aggrappato anche a testa in giù.
253	III	Grovyle	Erba		Pokémon Legnogeco	88.14	11.86	0.9	21.6	45	50	65	45	95	Erbaiuto		Agiltecnica	0	0	0	Treecko	Grovyle	Sceptile		I muscoli delle cosce estremamente sviluppati gli conferiscono un’incredibile agilità e una prodigiosa capacità di salto.
254	III	Sceptile	Erba		Pokémon Foresta	88.14	11.86	1.7	52.2	45	70	85	65	120	Erbaiuto		Agiltecnica	0	0	0	Treecko	Grovyle	Sceptile	Mega Sceptile	Percorre agile e veloce la giungla abbattendo le prede con le affilate foglie che ha sugli arti anteriori.
255	III	Torchic	Fuoco		Pokémon Pulcino	88.14	11.86	0.4	2.5	45	45	60	40	45	Aiutofuoco		Acceleratore	0	0	0	Torchic	Combusken	Blaziken		La sacca di fuoco che ha nel ventre continua a bruciare per tutta la sua vita. Abbracciandolo si avverte un piacevole tepore.
256	III	Combusken	Fuoco	Lotta	Pokémon Rampollo	88.14	11.86	0.9	19.5	45	60	85	60	55	Aiutofuoco		Acceleratore	0	0	0	Torchic	Combusken	Blaziken		Emette grida stridule per concentrarsi. Sferra calci dalla straordinaria potenza distruttiva.
257	III	Blaziken	Fuoco	Lotta	Pokémon Vampe	88.14	11.86	1.9	52	45	80	120	70	80	Aiutofuoco		Acceleratore	0	0	0	Torchic	Combusken	Blaziken	Mega Blaziken	Quando affronta un forte nemico lancia fiammate dai polsi. Le zampe poderose gli permettono di scavalcare interi palazzi.
258	III	Mudkip	Acqua		Pokémon Fangopesce	88.14	11.86	0.4	7.6	45	50	70	50	40	Acquaiuto		Umidità	0	0	0	Mudkip	Marshtomp	Swampert		Riesce a frantumare grandi rocce. Riposa nascosto nel fango che si trova sul fondo dei fiumi.
259	III	Marshtomp	Acqua	Terra	Pokémon Fangopesce	88.14	11.86	0.7	28	45	70	85	70	50	Acquaiuto		Umidità	0	0	0	Mudkip	Marshtomp	Swampert		Vivere in terreni molto fangosi e viscosi gli ha permesso di allenare col tempo gli arti inferiori, che sono diventati estremamente robusti.
260	III	Swampert	Acqua	Terra	Pokémon Fangopesce	88.14	11.86	1.5	81.9	45	100	110	90	60	Acquaiuto		Umidità	0	0	0	Mudkip	Marshtomp	Swampert	Mega Swampert	Ha braccia dure come roccia, capaci di frantumare in mille pezzi un masso con un colpo solo.
261	III	Poochyena	Buio		Pokémon Morso	50	50	0.5	13.6	255	35	55	35	35	Fugafacile	Piedisvelti	Paura	0	0	0	Poochyena	Mightyena			I tentativi di intimidire l’avversario mostrando le grandi zanne e abbaiando vigorosamente sono un segno della sua indole pavida.
262	III	Mightyena	Buio		Pokémon Morso	50	50	1	37	127	70	90	70	70	Prepotenza	Piedisvelti	Arroganza	0	0	0	Poochyena	Mightyena			Segue fedelmente gli ordini del capobranco. Grazie a un perfetto lavoro di squadra, le prede prese di mira non hanno scampo.
263	III	Zigzagoon	Normale	Buio	Pokémon Procione	50.2	49.8	0.4	17.5	255	38	30	41	60	Racoolta	Voracità	Piedisvelti	0	0	0	Zigzagoon	Linoone			Avanza a zigzag. È bravo a trovare strumenti nell’erba e sul terreno.
264	III	Linoone	Normale	Buio	Pokémon Sfrecciante	50.2	49.8	0.5	32.5	90	78	70	61	100	Racoolta	Voracità	Piedisvelti	0	0	0	Zigzagoon	Linoone			Carica la preda a una velocità di 100 km/h. Ma dal momento che va solo dritto, spesso la manca.
265	III	Wurmple	Coleottero		Pokémon Baco	50	50	0.3	3.6	255	45	45	35	20	Statico		Fugafacile	0	0	0	Wurmple	Silcoon	Beautifly		Grazie agli aculei sulla parte posteriore del corpo, Wurmple scorteccia i tronchi degli alberi e si nutre della loro linfa. Le sue zampe sono dotate di ventose che gli consentono di attaccarsi ai vetri senza scivolare.
266	III	Silcoon	Coleottero		Pokémon Bozzolo	50	50	0.6	10	120	50	35	55	15	Muta			0	0	0	Wurmple	Silcoon	Beautifly		Silcoon si lega ai rami degli alberi grazie ad alcuni fili di seta che gli impediscono di cadere. In tale posizione aspetta pazientemente l’evoluzione. Sbircia fuori dal proprio bozzolo di seta attraverso piccoli fori.
267	III	Beautifly	Coleottero	Volante	Pokémon Farfalla	50	50	1	28.4	45	60	70	50	65	Aiutinsetto		Antagonismo	0	0	0	Wurmple	Silcoon	Beautifly		Il nutrimento preferito da Beautifly è il polline dei fiori. Per attirare questo Pokémon basta mettere una pianta fiorita sul davanzale: senza dubbio si avvicinerà in cerca di polline.
268	III	Cascoon	Coleottero		Pokémon Bozzolo	50	50	0.7	11.5	120	50	35	55	15	Muta			0	0	0	Wurmple	Silcoon	Beautifly		Cascoon crea il bozzolo protettivo avvolgendo interamente il proprio corpo con finissima seta secreta dalla bocca. Successivamente la seta si indurisce. A questo punto Cascoon si prepara all’evoluzione.
269	III	Dustox	Coleottero	Veleno	Pokémon Velentarma	50	50	1.2	31.6	45	60	50	70	65	Statico		Insettocchi	0	0	0	Wurmple	Silcoon	Beautifly		Dustox è istintivamente attratto dalla luce. Nugoli di questi Pokémon sono attirati dalla luce intensa delle città, dove causano danni ingenti strappando le foglie delle piante di cui si nutrono lungo le strade urbane.
270	III	Lotad	Acqua	Erba	Pokémon Alga	50.2	49.8	0.5	2.6	255	40	30	30	30	Nuotovelox	Copripioggia	Mente Locale	0	0	0	Lotad	Lombre	Ludicolo		La foglia che ha in testa possiede la proprietà di repellere lo sporco, perciò resta pulita anche se ci salgono dei Pokémon tutti infangati.
271	III	Lombre	Acqua	Erba	Pokémon Giocoso	50.2	49.8	1.2	32.5	120	60	50	50	50	Nuotovelox	Copripioggia	Mente Locale	0	0	0	Lotad	Lombre	Ludicolo		Secondo un’antica leggenda di Nordivia, questo Pokémon sarebbe la reincarnazione di un bambino dispettoso.
272	III	Ludicolo	Acqua	Erba	Pokémon Spensierato	50.2	49.8	1.5	55	45	80	70	70	70	Nuotovelox	Copripioggia	Mente Locale	0	0	0	Lotad	Lombre	Ludicolo		Il suo corpo è dotato di un sistema che genera energia quando vengono captate le onde acustiche di un ritmo festoso.
273	III	Seedot	Erba		Pokémon Ghianda	50.2	49.8	0.5	4	255	40	40	50	30	Clorofilla	Sveglialampo	Arraffalesto	0	0	0	Seedot	Nuzleaf	Shiftry		Per espandere il suo habitat, finge di essere una ghianda e si fa afferrare dai Pokémon alati per essere trasportato lontano.
274	III	Nuzleaf	Erba	Buio	Pokémon Scaltro	50.2	49.8	1	28	120	70	70	40	60	Clorofilla	Sveglialampo	Arraffalesto	0	0	0	Seedot	Nuzleaf	Shiftry		Vive nella calma delle foreste. Il suono del suo flauto di foglia serve da avvertimento a chi si introduce nel suo territorio.
275	III	Shiftry	Erba	Buio	Pokémon Burbero	50.2	49.8	1.3	59.6	45	90	100	60	80	Clorofilla	Sveglialampo	Arraffalesto	0	0	0	Seedot	Nuzleaf	Shiftry		Si dice che, quando agita i suoi ventagli di foglie sulla cima di vecchi alberi, crei un vento gelido che provoca l’arrivo dell’inverno.
276	III	Taillow	Normale	Volante	Pokémon Rondinella	50	50	0.3	2.3	200	40	55	30	85	Dentistretti		Nervisaldi	0	0	0	Taillow	Swellow			Taillow affronta coraggiosamente persino i nemici più forti. Anche in caso di sconfitta rimane fiero e spavaldo. Ma quando ha fame, si lamenta rumorosamente.
277	III	Swellow	Normale	Volante	Pokémon Rondine	50	50	0.7	19.8	45	60	85	60	125	Dentistretti		Nervisaldi	0	0	0	Taillow	Swellow			Swellow vola alto sopra le nostre teste disegnando armoniosi archi in cielo. Appena scova una preda si lancia su di essa in picchiata. Swellow cattura poi la sventurata preda con le sue zampe artigliate impedendole la fuga.
278	III	Wingull	Acqua	Volante	Pokémon Gabbiano	50.2	49.8	0.6	9.5	190	40	30	30	85	Sguardofermo	Idratazione	Copripioggia	0	0	0	Wingull	Pelipper			Si lascia trasportare ad alta quota dalle correnti ascensionali, librandosi nel cielo come un aliante e trasportando il cibo nel becco.
279	III	Pelipper	Acqua	Volante	Pokémon Alacquatico	50.2	49.8	1.2	28	45	60	50	100	65	Sguardofermo	Piovischio	Copripioggia	0	0	0	Wingull	Pelipper			Un fattorino volante capace di trasportare piccoli Pokémon nel becco. Quando è stanco, scivola sulle onde per riposare le ali.
280	III	Ralts	Psico	Folletto	Pokémon Sensazione	50.2	49.8	0.4	6.6	235	28	25	25	40	Sincronismo	Traccia	Telepatia	0	0	0	Ralts	Kirlia	Gardevoir		Ha la capacità di percepire le emozioni delle persone grazie alle corna rosse che ha sul capo.
281	III	Kirlia	Psico	Folletto	Pokémon Emozione	50.2	49.8	0.8	20.2	120	38	35	35	50	Sincronismo	Traccia	Telepatia	0	0	0	Ralts	Kirlia	Gardevoir		Sfruttando i suoi poteri psichici, può distorcere lo spazio circostante per prevedere l’avvenire.
282	III	Gardevoir	Psico	Folletto	Pokémon Abbraccio	50.2	49.8	1.6	48.4	45	68	65	65	80	Sincronismo	Traccia	Telepatia	0	0	0	Ralts	Kirlia	Gardevoir	Mega Gardevoir	Per proteggere l’Allenatrice o l’Allenatore dal pericolo, utilizza tutti i poteri psichici di cui dispone per creare un piccolo buco nero.
283	III	Surskit	Coleottero	Acqua	Pokémon Sfiorapozze	50	50	0.5	1.7	200	40	30	32	65	Nuotovelox		Copripioggia	0	0	0	Surskit	Masquerain			Normalmente vivono negli stagni, ma dopo un acquazzone possono comparire persino nelle pozzanghere delle città.
284	III	Masquerain	Coleottero	Volante	Pokémon Occhio	50	50	0.8	3.6	75	70	60	62	80	Prepotenza		Agitazione	0	0	0	Surskit	Masquerain			Le sue quattro ali gli permettono di volare a piacimento in ogni direzione.
285	III	Shroomish	Erba		Pokémon Fungo	50	50	0.4	4.5	255	60	40	60	35	Spargispore	Velencura	Piedisvelti	0	0	0	Shroomish	Breloom			Predilige le aree umide. Di giorno resta immobile nell’ombra della foresta. Dal capo rilascia una polvere tossica.
286	III	Breloom	Erba	Lotta	Pokémon Fungo	50	50	1.2	39.2	90	60	130	80	70	Spargispore	Velencura	Tecnico	0	0	0	Shroomish	Breloom			Dopo aver fatto respirare le sue spore tossiche al nemico, lo finisce con una violenta scarica di pugni.
287	III	Slakoth	Normale		Pokémon Ozioso	50	50	0.8	24	255	60	60	60	30	Pigrone			0	0	0	Slakoth	Vigoroth	Slaking		Dorme 20 ore al giorno. Una delle sue abilità è indurre sonnolenza in chi lo osserva.
288	III	Vigoroth	Normale		Pokémon Indocile	50	50	1.4	46.5	120	80	80	80	90	Spiritovivo			0	0	0	Slakoth	Vigoroth	Slaking		Quando è costretto a stare fermo raggiunge un tale livello di stress da rimetterci in salute.
289	III	Slaking	Normale		Pokémon Pigrizia	50	50	2	130.5	45	150	160	100	100	Pigrone			0	0	0	Slakoth	Vigoroth	Slaking		È il Pokémon più pigro del mondo, ma può sprigionare di colpo una potenza spaventosa grazie all’energia accumulata.
290	III	Nincada	Coleottero	Terra	Pokémon Novizio	50.2	49.8	0.5	5.5	255	31	45	90	40	Insettocchi		Fugafacile	0	0	0	Nincada	Ninjask	Shedinja		Poiché passa quasi tutta l’esistenza sottoterra, è quasi cieco. Usa le antenne per sondare ciò che lo circonda.
291	III	Ninjask	Coleottero	Volante	Pokémon Ninja	50.2	49.8	0.8	12	120	61	90	45	160	Accellelatore		Intrapasso	0	0	0	Nincada	Ninjask	Shedinja		I suoi continui lamenti provocano atroci emicranie. Si sposta così velocemente che... non si vede!
292	III	Shedinja	Coleottero	Spettro	Pokémon Cambiapelle			0.8	1.2	45	1	90	45	40	Megadifesa			0	0	0	Nincada	Ninjask	Shedinja		È un Pokémon molto particolare. Appare misteriosamente in una Poké Ball dopo l’evoluzione di un Nincada.
293	III	Whismur	Normale		Pokémon Sussurro	50.2	49.8	0.6	16.3	190	64	51	23	28	Antisuono		Paura	0	0	0	Whismur	Loudred	Exploud		Il suo grido, che può superare i 100 decibel, fa venire mal di testa per tutta la giornata a chiunque si trovi nelle vicinanze.
294	III	Loudred	Normale		Pokémon Vocione	50.2	49.8	1	40.5	120	84	71	43	48	Antisuono		Nervisaldi	0	0	0	Whismur	Loudred	Exploud		Le sue orecchie fungono da altoparlanti e sono in grado di emettere onde sonore talmente potenti da abbattere una casa.
295	III	Exploud	Normale		Pokémon Fragore	50.2	49.8	1.5	84	45	104	91	63	68	Antisuono		Nervisaldi	0	0	0	Whismur	Loudred	Exploud		Un tempo la potente voce di questo Pokémon veniva utilizzata come mezzo di comunicazione tra città distanti.
296	III	Makuhita	Lotta		Pokémon Coraggio	75.4	24.6	1	86.4	180	72	60	30	25	Grassospesso	Dentistretti	Forzabruta	0	0	0	Makuhita	Hariyama			Si rafforza allenandosi duramente. La sua grande forza di volontà gli permette di resistere a qualsiasi attacco.
297	III	Hariyama	Lotta		Pokémon Sberletese	75.4	24.6	2.3	253.8	200	144	120	60	50	Grassospesso	Dentistretti	Forzabruta	0	0	0	Makuhita	Hariyama			Adora le gare di forza. Sarebbe capace di fermare un treno in corsa con un colpo della mano.
298	III	Azurill	Normale	Folletto	Pokémon a Pois	24.9	75.1	0.2	2	150	50	20	40	20	Grassospesso	Macroforza	Mangiaerba	0	0	0	Azurill	Marill	Azumarill		Rimbalza su e giù come una pallina di gomma. Lotta contro avversari più grandi di lui agitando la coda.
299	III	Nosepass	Roccia		Pokémon Bussola	50	50	1	97	255	30	45	135	30	Vigore	Magnetismo	Silicoforza	0	0	0	Nosepass	Probopass			Il naso magnetico di Nosepass è una bussola infallibile e questo lo rende il compagno di viaggio ideale per gli Allenatori.
300	III	Skitty	Normale		Pokémon Micio	24.6	75.4	0.6	11	255	50	45	45	50	Incantevole	Normalità	Splendicute	0	0	0	Skitty	Delcatty			Skitty ha l’abitudine di lasciarsi ammaliare dagli oggetti in movimento e seguirli dando loro la caccia. Questo Pokémon è noto anche per rincorrere la sua stessa coda fino a rimanere stordito.
301	III	Delcatty	Normale		Pokémon Finezza	24.6	75.4	1.1	32.6	60	70	65	65	90	Incantevole	Normalità	Splendicute	0	0	0	Skitty	Delcatty			Delcatty preferisce vivere una vita in libertà, in cui poter fare ciò che più gli aggrada in base alle proprie esigenze. Poiché anche gli orari dei pasti e del sonno sono completamente liberi, la sua vita quotidiana è casuale.
302	III	Sableye	Buio	Spettro	Pokémon Oscurità	50.2	49.8	0.5	11	45	50	75	75	50	Sguardofermo	Rallentatore	Burla	0	0	0	Sableye			Mega Sableye	Si costruisce la tana in grotte oscure e utilizza gli artigli affilati per estrarre le gemme di cui si nutre.
303	III	Mawile	Acciaio	Folletto	Pokémon Ingannatore	50.2	49.8	0.6	11.5	45	50	85	85	50	Ipertaglio	Intimidazione	Forzabruta	0	0	0	Mawile			Mega Mawile	Distrae i nemici con la sua faccia innocente, per poi azzannarli con le sue possenti mascelle. Non molla la presa a nessun costo.
304	III	Aron	Acciaio	Roccia	Pokémon Corazza	50.2	49.8	0.4	60	180	50	70	100	30	Vigore	Testadura	Heavy Metal	0	0	0	Aron	Lairon	Aggron		Si ciba di minerali ferrosi e talvolta di rotaie, che vanno poi a costituire l’armatura d’acciaio che protegge il suo corpo.
305	III	Lairon	Acciaio	Roccia	Pokémon Corazza	50.2	49.8	0.9	120	90	60	90	140	40	Vigore	Testadura	Metalpesante	0	0	0	Aron	Lairon	Aggron		I monti in cui vive sono ricchi di minerali ferrosi e sorgenti d’acqua. Per questo, spesso in passato questo Pokémon si scontrava con gli esseri umani.
306	III	Aggron	Acciaio	Roccia	Pokémon Corazza	50.2	49.8	2.1	360	45	70	110	180	50	Vigore	Testadura	Metalpesante	0	0	0	Aron	Lairon	Aggron	Mega Aggron	Abbatte i nemici caricandoli e speronandoli con le sue corna, talmente affilate da perforare spesse lastre di metallo.
307	III	Meditite	Lotta	Psico	Pokémon Meditazione	50	50	0.6	11.2	180	30	40	55	60	Forzapura		Telepatia	0	0	0	Meditite	Medicham			Non rinuncia mai alla sua ora di yoga quotidiana. La meditazione gli permette di aumentare la sua forza interiore.
308	III	Medicham	Lotta	Psico	Pokémon Meditazione	50	50	1.3	31.5	90	60	60	75	80	Forzapura		Telepatia	0	0	0	Meditite	Medicham		Mega Medicham	È in grado di conoscere in anticipo le mosse del nemico grazie ai poteri di preveggenza ottenuti con le pratiche yoga.
309	III	Electrike	Elettro		Pokémon Lampo	50.2	49.8	0.6	15.2	120	40	45	40	65	Statico	Parafulmine	Meno	0	0	0	Electrike	Manectric			Accumula elettricità statica nella pelliccia e poi la rilascia. Se si avvicina una tempesta, emette scintille.
310	III	Manectric	Elettro		Pokémon Scossa	50.2	49.8	1.5	40.2	45	70	75	60	105	Statico	Parafulmine	Meno	0	0	0	Electrike	Manectric		Mega Manectric	L’elettricità gli stimola i muscoli rendendolo più veloce e inoltre allevia i suoi dolori muscolari facendolo tornare rapidamente in forma.
311	III	Plusle	Elettro		Pokémon Incitamento	50	50	0.4	4.2	200	60	50	40	95	Più		Parafulmine	0	0	0	Plusle				Fa il tifo per i suoi compagni emanando scintille dal corpo. Sale sui pali della luce per assorbire energia elettrica.
312	III	Minun	Elettro		Pokémon Incitamento	50	50	0.4	4.2	200	60	40	50	95	Meno		Assorbivolt	0	0	0	Minun				L’elettricità di Plusle e Minun favorisce la circolazione sanguigna e aiuta a sciogliere la tensione muscolare.
313	III	Volbeat	Coleottero		Pokémon Lucciola	100	0	0.7	17.7	150	65	73	75	85	Risplendi	Aiutinsetto	Burla	0	0	0	Egg	Volbeat			Vive vicino a stagni puliti. Di notte comunica con i suoi simili utilizzando la luce intermittente della coda.
314	III	Illumise	Coleottero		Pokémon Lucciola	0	100	0.6	17.7	150	65	47	75	85	Indifferenza	Lentifumé	Burla	0	0	0	Egg	Illumise			Con il suo dolce aroma dirige il volo dei Volbeat, che così disegnano più di 200 figure luminose nel cielo stellato.
315	III	Roselia	Erba	Veleno	Pokémon Spina	50.2	49.8	0.3	2	150	50	60	45	65	Alternacura	Velenopunte	Fogliamanto	0	0	0	Budew	Roselia	Roserade		Dai suoi fiori si diffonde una fragranza rilassante. Più è intenso il suo profumo, più il Pokémon è in salute.
316	III	Gulpin	Veleno		Pokémon Stomaco	50	50	0.4	10.3	225	70	43	53	40	Melma	Antifurto	Voracità	0	0	0	Gulpin	Swalot			Non c’è nulla che il suo stomaco non possa digerire. Durante la digestione espelle gas insopportabilmente fetidi.
317	III	Swalot	Veleno		Pokémon Velenosacco	50	50	1.7	80	75	100	73	83	55	Melma	Antifurto	Voracità	0	0	0	Gulpin	Swalot			Inghiotte qualunque cosa che possa infilarsi in bocca. Non c’è nulla che i suoi succhi gastrici speciali non riescano a digerire.
318	III	Carvanha	Acqua	Buio	Pokémon Feroce	50.2	49.8	0.8	20.8	225	45	90	20	65	Cartavetro		Acceleratore	0	0	0	Carvanha	Sharpedo			Se è da solo, non assale la preda. Preferisce aspettare i suoi compagni per attaccare in gruppo.
319	III	Sharpedo	Acqua	Buio	Pokémon Brutale	50.2	49.8	1.8	88.8	60	70	120	40	95	Cartavetro		Acceleratore	0	0	0	Carvanha	Sharpedo		Mega Sharpedo	Se fiuta l’odore di una preda, la assale alla velocità di 120 km/h, che raggiunge espellendo acqua marina dalla parte posteriore del corpo.
320	III	Wailmer	Acqua		Pokémon Balenottero	50.2	49.8	2	130	125	130	70	35	60	Idrovelo	Indifferenza	Pressione	0	0	0	Wailmer	Wailord			Gioca spruzzando l’acqua di mare dalle narici situate sopra gli occhi. Mangia una tonnellata di Wishiwashi al giorno.
321	III	Wailord	Acqua		Pokémon Megabalena	50.2	49.8	14.5	398	60	170	90	45	60	Idrovelo	Indifferenza	Pressione	0	0	0	Wailmer	Wailord			Con l’impatto creato dal suo enorme corpo quando salta sulle onde è perfino in grado di far perdere i sensi all’avversario.
322	III	Numel	Fuoco	Terra	Pokémon Torpore	50	50	0.7	24	255	60	60	40	35	Indifferenza	Disinvoltura	Mente Locale	0	0	0	Numel	Camerupt			All’interno del suo corpo scorre del magma che raggiunge i 1.200 ºC. Con il freddo questo magma si indurisce, rallentandone i movimenti.
323	III	Camerupt	Fuoco	Terra	Pokémon Eruzione	50	50	1.9	220	150	70	100	70	40	Magmascudo	Solidroccia	Grancollera	0	0	0	Numel	Camerupt		Mega Camerupt	Vive nei crateri dei vulcani. È noto per la gigantesca eruzione delle sue gobbe, che avviene ogni dieci anni.
324	III	Torkoal	Fuoco		Pokémon Carbone	50.2	49.8	0.5	80.4	90	70	85	140	20	Fumochiaro	Siccità	Guscioscudo	0	0	0	Torkoal				Brucia carbone all’interno della corazza. Quando è in pericolo, emette del fumo nero per poi battere in ritirata.
325	III	Spoink	Psico		Pokémon Molla	50	50	0.7	30.6	255	60	25	35	60	Grassospesso	Mente Locale	Voracità	0	0	0	Spoink	Grumpig			Se dovesse smettere di saltellare, morirebbe. La perla che porta sul capo amplifica i suoi poteri psichici.
326	III	Grumpig	Psico		Pokémon Raggiro	50	50	0.9	71.5	60	80	45	65	80	Grassospesso	Mente Locale	Voracità	0	0	0	Spoink	Grumpig			La strana danza che esegue per controllare il nemico era di gran moda tempo fa, in una regione lontana.
327	III	Spinda	Normale		Pokémon Macchipanda	50	50	1.1	5	255	60	60	60	60	Mente Locale	Intricopiedi	Inversione	0	0	0	Spinda				Si muove con passo incerto e barcollante. Se cammina troppo finisce per sentirsi male.
328	III	Trapinch	Terra		Pokémon Trappola	50.2	49.8	0.7	15	255	45	100	45	10	Ipertaglio	Trappoarena	Forzabruta	0	0	0	Trapinch	Vibrava	Flygon		Vive nei deserti più aridi. Scava tane a forma di imbuto e vi si apposta, attendendo che le prede vi caschino dentro.
329	III	Vibrava	Terra	Drago	Pokémon Vibrazione	50.2	49.8	1.1	15.3	120	50	70	50	70	Levitazione			0	0	0	Trapinch	Vibrava	Flygon		Le sue ali non sono del tutto sviluppate. Più che per volare, le usa per attaccare i nemici con le onde ultrasoniche che produce sfregandole.
330	III	Flygon	Terra	Drago	Pokémon Magico	50.2	49.8	2	82	45	80	100	80	100	Levitazione			0	0	0	Trapinch	Vibrava	Flygon		Viene chiamato “spirito del deserto”. Si nasconde nelle tempeste di sabbia che genera battendo le ali.
331	III	Cacnea	Erba		Pokémon Cactus	50	50	0.4	51.3	190	50	85	40	35	Sabbiavelo		Assorbacqua	0	0	0	Cacnea	Cacturne			Predilige ambienti ostili come i deserti. Grazie all’acqua immagazzinata nel corpo, può resistere 30 giorni senza bere.
332	III	Cacturne	Erba	Buio	Pokémon Spavento	50	50	1.3	77.4	60	70	115	60	55	Sabbiavelo		Assorbacqua	0	0	0	Cacnea	Cacturne			Gruppi di Cacturne pedinano i viandanti nel deserto, aspettando che perdano i sensi in preda alla stanchezza.
333	III	Swablu	Normale	Volante	Pokémon Alidicotone	50.2	49.8	0.4	1.2	255	45	40	60	50	Alternacura		Antimeteo	0	0	0	Swablu	Altaria			Non tralascia mai la cura delle sue ali simili al cotone. Appena si sporca, provvede subito a lavarsi.
334	III	Altaria	Drago	Volante	Pokémon Canterino	50.2	49.8	1.1	20.6	45	75	70	90	80	Alternacura		Antimeteo	0	0	0	Swablu	Altaria		Mega Altaria	Quando si affeziona a una persona, la avvolge nelle sue soffici ali e inizia a canticchiare.
335	III	Zangoose	Normale		Pokémon Furogatto	50	50	1.3	40.3	90	73	115	60	90	Immunità		Velenimpeto	0	0	0	Zangoose				Acerrimo nemico di Seviper. Quando lo incontra, sfodera subito gli artigli per minacciarlo.
336	III	Seviper	Veleno		Pokémon Zannaserpe	50	50	2.7	52.5	90	73	100	60	65	Muta		Intrapasso	0	0	0	Seviper				Affila la coda simile a una lama utilizzando le rocce più dure. Striscia nascosto nell’erba alta, attaccando le prede con le sue zanne velenose.
337	III	Lunatone	Roccia	Psico	Pokémon Meteorite			1	168	45	90	55	65	70	Levitazione			0	0	0	Lunatone				La sua forza sembra aumentare o diminuire a seconda delle fasi lunari. È più attivo nelle notti di luna piena.
338	III	Solrock	Roccia	Psico	Pokémon Meteorite			1.2	154	45	90	95	85	70	Levitazione			0	0	0	Solrock				Ruota vorticosamente su se stesso per emanare una luce abbagliante che acceca il nemico.
339	III	Barboach	Acqua	Terra	Pokémon Baffetti	50.2	49.8	0.4	1.9	190	50	48	43	60	Indifferenza	Presagio	Idratazione	0	0	0	Barboach	Whiscash			I suoi baffi sono un radar sensibilissimo in grado di individuare la preda persino nelle acque più torbide.
340	III	Whiscash	Acqua	Terra	Pokémon Baffetti	50.2	49.8	0.9	23.6	75	110	78	73	60	Indifferenza	Presagio	Idratazione	0	0	0	Barboach	Whiscash			È molto protettivo del suo territorio e, se un nemico si avvicina, reagisce facendo tremare violentemente la terra.
341	III	Corphish	Acqua		Pokémon Birbone	50.2	49.8	0.6	11.5	205	43	80	65	35	Ipertaglio	Guscioscudo	Adattabilità	0	0	0	Corphish	Crawdaunt			Proviene da un’altra regione. È una creatura resistente che prolifera rapidamente anche nei corsi d’acqua più inquinati.
342	III	Crawdaunt	Acqua	Buio	Pokémon Canaglia	50.2	49.8	1.1	32.8	155	63	120	85	55	Ipertaglio	Guscioscudo	Adattabilità	0	0	0	Corphish	Crawdaunt			Pokémon molto bellicoso che afferra con le chele chiunque osi entrare nel suo territorio, per poi scaraventarlo fuori.
343	III	Baltoy	Terra	Psico	Pokémon Argilla			0.5	21.5	255	40	40	55	55	Levitazione			0	0	0	Baltoy	Claydol			Si sposta piroettando sull’estremità inferiore del proprio corpo. Alcuni Baltoy sono stati visti piroettare a testa in giù.
344	III	Claydol	Terra	Psico	Pokémon Argilla			1.5	108	90	60	70	105	75	Levitazione			0	0	0	Baltoy	Claydol			Un Pokémon enigmatico nato da una statuetta d’argilla costruita dagli antichi 20.000 anni or sono.
345	III	Lileep	Roccia	Erba	Pokémon Fiordimare	88.14	11.86	1	23.8	45	66	41	77	23	Ventose		Acquascolo	0	0	0	Lileep	Cradily			Questo Pokémon è stato rigenerato da un fossile. Viveva nei mari caldi circa 100 milioni di anni fa.
346	III	Cradily	Roccia	Erba	Pokémon Lepade	88.14	11.86	1.5	60.4	45	86	81	97	43	Ventose		Acquascolo	0	0	0	Lileep	Cradily			Il suo passo è lento a causa delle corte zampe, ma può triplicare la lunghezza del collo e dei tentacoli per catturare le prede.
347	III	Anorith	Roccia	Coleottero	Pokémon Primaceo	88.14	11.86	0.7	12.5	45	45	95	50	75	Lotta Scudo		Nuotovelox	0	0	0	Anorith	Armaldo			Questo Pokémon è stato rigenerato da un fossile. Viveva nei mari circa 100 milioni di anni fa e usava i suoi due artigli per cacciare.
348	III	Armaldo	Roccia	Coleottero	Pokémon Piastre	88.14	11.86	1.5	68.2	45	75	125	100	45	Lotta Scudo		Nuotovelox	0	0	0	Anorith	Armaldo			Dopo l’evoluzione, è salito sulla terraferma. La parte inferiore del corpo si è rafforzata, rendendo i colpi della sua coda devastanti.
349	III	Feebas	Acqua		Pokémon Pesce	50.2	49.8	0.6	7.4	255	20	15	20	80	Nuotovelox	Indifferenza	Adattabilità	0	0	0	Feebas	Milotic			Non è molto popolare per via del suo misero aspetto, ma è molto resistente e in grado di vivere anche in acque inquinate.
350	III	Milotic	Acqua		Pokémon Tenerezza	50.2	49.8	6.2	162	60	95	60	79	81	Pelledura	Tenacia	Incantevole	0	0	0	Feebas	Milotic			Le sue bellissime scaglie, che hanno i riflessi dell’arcobaleno, cambiano colore a seconda dell’angolazione da cui le si guarda.
351	III	Castform	Normale	Fuoco	Pokémon Meteo	50	50	0.3	0.8	45	70	70	70	70	Previsioni			0	0	0	Castform				Il suo aspetto cambia con le condizioni atmosferiche per effetto di una reazione chimica indipendente dalla sua volontà.
352	III	Kecleon	Normale		Pokémon Mutacolore	50	50	1	22	200	60	90	70	40	Cambiacolore		Mutatipo	0	0	0	Kecleon				Si mimetizza con l’ambiente mutando il colore del proprio corpo. Se lo si ignora, si imbroncia e non si fa più vedere.
353	III	Shuppet	Spettro		Pokémon Pupazzo	50	50	0.6	2.3	225	44	75	35	45	Insonnia	Indagine	Corpofunesto	0	0	0	Shuppet	Banette			Ama cibarsi di invidia e odio. Il corno ritto sul capo gli permette di percepire le emozioni della gente.
354	III	Banette	Spettro		Pokémon Marionetta	50	50	1.1	12.5	45	64	115	65	65	Insonnia	Indagine	Corpofunesto	0	0	0	Shuppet	Banette		Mega Banette	Un peluche gettato via, tramutato in Pokémon da un profondo rancore. Lo si vede spesso in vicoli bui.
355	III	Duskull	Spettro		Pokémon Requiem	50.2	49.8	0.8	15	190	20	40	90	25	Levitazione		Indagine	0	0	0	Duskull	Dusclops	Dusknoir		Adora l’energia vitale dei bambini, che cerca vagando per le città a notte fonda.
356	III	Dusclops	Spettro		Pokémon Ipnosguardo	50.2	49.8	1.6	30.6	90	40	70	130	25	Pressione		Indagine	0	0	0	Duskull	Dusclops	Dusknoir		È temuto perché si dice sia in grado di strappare via l’anima dal corpo di chi osserva i misteriosi movimenti delle sue mani.
357	III	Tropius	Erba	Volante	Pokémon Frutto	50	50	2	100	200	99	68	83	51	Clorofilla	Solarpotere	Coglibacche	0	0	0	Tropius				Vive in giungle tropicali. Due volte all’anno gli crescono attorno al collo dei frutti dolci dal sapore squisito.
358	III	Chimecho	Psico		Pokémon Vencampana	50	50	0.6	1	45	75	50	80	65	Levitazione			0	0	0	Chingling	Chimecho			Emette sette tipi di versi penzolando da rami o cornicioni, a cui si attacca con la ventosa che ha sul capo.
359	III	Absol	Buio		Pokémon Catastrofe	50.2	49.8	1.2	47	30	65	130	60	75	Pressione	Supersorte	Giustizia	0	0	0	Absol			Mega Absol	Corre veloce come il vento attraverso colline e campi. Il suo corno ricurvo è in grado di prevedere con precisione le calamità naturali.
360	III	Wynaut	Psico		Pokémon Brillante	50.2	49.8	0.6	14	125	95	23	48	23	Pedinombra		Telepatia	0	0	0	Wynaut	Wobbuffet			I Wynaut fanno tutto in gruppo. Giocando a darsi spintoni, si tengono sempre allenati.
361	III	Snorunt	Ghiaccio		Pokémon Cappelneve	50.2	49.8	0.7	16.8	190	50	50	50	50	Forza Interiore	Corpogelo	Altalena	0	0	0	Snorunt	Glalie	Froslass		Si dice che vivano in armonia riunendosi in gruppi all’ombra di enormi foglie.
362	III	Glalie	Ghiaccio		Pokémon Tuttomuso	50.2	49.8	1.5	256.5	75	80	80	80	80	Forza Interiore	Corpogelo	Altalena	0	0	0	Snorunt	Glalie	Froslass	Mega Glalie	Congela le prede in un istante soffiando aria gelida dalla grande bocca, poi le sgranocchia ancora ghiacciate.
363	III	Spheal	Ghiaccio	Acqua	Pokémon Roteante	50.2	49.8	0.8	39.5	255	70	40	50	25	Grassospesso	Corpogelo	Indifferenza	0	0	0	Spheal	Sealeo	Walrein		Il suo corpo, avvolto in uno spesso strato lipidico, è perfettamente rotondo. Si sposta più velocemente rotolando che camminando.
364	III	Sealeo	Ghiaccio	Acqua	Pokémon Rotapalla	50.2	49.8	1.1	87.6	120	90	60	70	45	Grassospesso	Corpogelo	Indifferenza	0	0	0	Spheal	Sealeo	Walrein		Vive su banchi di ghiaccio alla deriva. Individua le prede fiutandone l’odore mentre nuota.
365	III	Walrein	Ghiaccio	Acqua	Pokémon Spaccagelo	50.2	49.8	1.4	150.6	45	110	80	90	65	Grassospesso	Corpogelo	Indifferenza	0	0	0	Spheal	Sealeo	Walrein		Vive in branchi di 20-30 esemplari. In caso di attacco nemico, il capo protegge il gruppo a costo della vita.
366	III	Clamperl	Acqua		Pokémon Bivalve	50	50	0.4	52.5	255	35	64	85	32	Guscioscudo		Paura	0	0	0	Clamperl	Huntail	Gorebyss		Nonostante le apparenze, è carnivoro. Intrappola la preda con la conchiglia bivalve e la tiene stretta finché non smette di muoversi.
367	III	Huntail	Acqua		Pokémon Abissi	50	50	1.7	27	60	55	104	105	52	Nuotovelox		Idrovelo	0	0	0	Clamperl	Huntail	Gorebyss		Non è un grande nuotatore. Attira la preda agitando la coda, e non appena si avvicina la ingoia in un boccone.
368	III	Gorebyss	Acqua		Pokémon Sudmarino	50	50	1.8	22.6	60	55	84	105	52	Nuotovelox		Idratazione	0	0	0	Clamperl	Huntail	Gorebyss		Cambia colore in base alla temperatura dell’acqua. I Gorebyss che vivono ad Alola hanno un colore vivido e quasi abbagliante.
369	III	Relicanth	Acqua	Roccia	Pokémon Longevità	88.14	11.86	1	23.4	25	100	90	130	55	Nuotovelox	Testadura	Vigore	0	0	0	Relicanth				Riesce a sopportare la pressione degli abissi marini grazie alle sue scaglie dure come la roccia e alle vesciche natatorie piene di grasso.
370	III	Luvdisc	Acqua		Pokémon Rendezvous	24.6	75.4	0.6	8.7	225	43	30	55	97	Nuotovelox		Idratazione	0	0	0	Luvdisc				Ricercato per la sua forma a cuore. In qualche regione si usa ancora regalare un Luvdisc alla persona amata.
371	III	Bagon	Drago		Pokémon Rocciotesta	50.2	49.8	0.6	42.1	45	45	75	60	50	Testadura		Forzabruta	0	0	0	Bagon	Shelgon	Salamence		La sua testa dura come l’acciaio può frantumare persino i massi. Vive in attesa del giorno in cui gli spunteranno le ali.
372	III	Shelgon	Drago		Pokémon Resistenza	50.2	49.8	1.1	110.5	45	65	95	100	50	Testadura		Copricapo	0	0	0	Bagon	Shelgon	Salamence		Le cellule all’interno della sua corazza mutano a velocità vertiginosa in vista dell’evoluzione.
373	III	Salamence	Drago	Volante	Pokémon Drago	50.2	49.8	1.5	102.6	45	95	135	80	100	Prepotenza		Arroganza	0	0	0	Bagon	Shelgon	Salamence	Mega Salamence	Volteggia nel cielo con le grandi ali cresciutegli con l’evoluzione, sputando fuoco dalla gioia e incenerendo ogni cosa.
374	III	Beldum	Acciaio	Psico	Pokémon Ferrosfera			0.6	95.2	3	40	55	80	30	Corpochiaro		Metallegero	0	0	0	Beldum	Metang	Metagross		Riesce a fluttuare in aria grazie alla repulsione tra le proprie onde magnetiche e quelle della terra.
375	III	Metang	Acciaio	Psico	Pokémon Ferrunghia			1.2	202.5	3	60	75	100	50	Corpochiaro		Metallegero	0	0	0	Beldum	Metang	Metagross		È nato dalla fusione di due Beldum. L’unione di due cervelli rende ancora più forti i suoi poteri psichici.
376	III	Metagross	Acciaio	Psico	Pokémon Ferrarto			1.6	550	3	80	135	130	70	Corpochiaro		Metallegero	0	0	0	Beldum	Metang	Metagross	Mega Metagross	Ripiega i quattro arti e si libra in volo. I suoi quattro cervelli sono più potenti persino di un supercomputer.
377	III	Regirock	Roccia		Pokémon Picco			1.7	230	3	80	100	200	50	Corpochiaro		Vigore	1	0	0	Regirock				Le varie parti del suo corpo sono costituite da rocce. Nel caso in cui si sgretoli, può ricomporre il suo organismo con nuove pietre.
378	III	Regice	Ghiaccio		Pokémon Iceberg			1.8	175	3	80	50	100	50	Corpochiaro		Corpogelo	1	0	0	Regice				Utilizza aria gelida fino a -200 ºC per congelare all’istante chiunque gli si avvicini.
379	III	Registeel	Acciaio		Pokémon Ferro			1.9	205	3	80	75	150	50	Corpochiaro		Metallegero	1	0	0	Registeel				È composto da un materiale misterioso più resistente di qualsiasi metallo, ma al contempo abbastanza morbido da essere elastico.
380	III	Latias	Drago	Psico	Pokémon Eone	0	100	1.4	40	3	80	80	90	110	Levitazione			1	0	0	Latias			Mega Latias	Latias è sensibilissimo alle emozioni delle persone. Se percepisce una certa ostilità, questo Pokémon arruffa le piume su tutto il corpo ed emette un grido lancinante per intimidire il nemico.
381	III	Latios	Drago	Psico	Pokémon Eone	100	0	2	60	3	80	90	80	110	Levitazione			1	0	0	Latios			Mega Latios	Latios ha l’abilità di far vedere agli altri l’immagine di ciò che ha visto o immaginato nella propria testa. Questo Pokémon è intelligente e capisce il linguaggio umano.
382	III	Kyogre	Acqua		Pokémon Oceano			4.5	352	3	100	100	90	90	Piovischio			0	1	0	Kyogre				L’energia della natura può causare l’archeorisveglio di questo Pokémon, facendolo tornare al suo aspetto originario. Può provocare diluvi torrenziali in grado di espandere la superficie dei mari.
383	III	Groudon	Terra		Pokémon Continente			3.5	950	3	100	150	140	90	Siccità			0	1	0	Groudon				Si dice che questo Pokémon abbia un profondo legame con le terre emerse. Le leggende narrano dei suoi continui scontri con Kyogre per ottenere l’energia della natura.
384	III	Rayquaza	Drago	Volante	Pokémon Stratosfera			7	206.5	45	105	150	90	95	Riparo			0	1	0	Rayquaza			Mega Rayquaza	Si dice che abbia centinaia di milioni di anni. Secondo la leggenda, mise fine alla lotta tra Groudon e Kyogre.
385	III	Jirachi	Acciaio	Psico	Pokémon Desiderio			0.3	1.1	3	100	100	100	100	Leggiadro			0	0	1	Jirachi				La leggenda racconta che Jirachi realizza ogni desiderio scritto su bigliettini che trova attaccati alla propria testa, quando si sveglia. In caso di pericolo, lotta senza mai svegliarsi.
386	III	Deoxys	Psico		Pokémon DNA			1.7	60.8	3	50	150	50	150	Pressione			0	0	1	Deoxys				Il DNA di un virus spaziale ha subito un’improvvisa mutazione, in seguito all’esposizione a un raggio laser. Questo ha dato vita a Deoxys. Pare che l’organo cristallino sul suo petto costituisca il cervello.
